group,metric,min,median,p90,max,n,mean
cwe.missions-cwc,addons_required,0,1,1.800,2,3,1
cwe.missions-cwc,any_placement_radius,0,1,1,1,3,0.667
cwe.missions-cwc,any_presence_condition,0,0,0,0,3,0
cwe.missions-cwc,any_presence_random,0,1,1,1,3,0.667
cwe.missions-cwc,ao_extent_m,1563.383,2220.238,3332.192,3610.180,3,2464.600
cwe.missions-cwc,briefing_debrief_sections,6,6,6,6,3,6
cwe.missions-cwc,briefing_has_plan,1,1,1,1,3,1
cwe.missions-cwc,briefing_images,0,0,0,0,3,0
cwe.missions-cwc,briefing_languages,5,5,5,5,3,5
cwe.missions-cwc,briefing_marker_links,2,4,4.800,5,3,3.667
cwe.missions-cwc,briefing_objectives,2,3,3.800,4,3,3
cwe.missions-cwc,briefing_side_variants,0,0,0,0,3,0
cwe.missions-cwc,briefing_words_debriefing,33,44,57.600,61,3,46
cwe.missions-cwc,briefing_words_main,23,67,75,77,3,55.667
cwe.missions-cwc,briefing_words_notes_plan,76,96,107.200,110,3,94
cwe.missions-cwc,briefing_words_objectives,20,25,40.200,44,3,29.667
cwe.missions-cwc,briefing_words_plan,19,43,51,53,3,38.333
cwe.missions-cwc,briefing_words_total,140,168,442.400,511,3,273
cwe.missions-cwc,civ_units,0,0,0,0,3,0
cwe.missions-cwc,desc_cfgidentities_entries,0,0,4.800,6,3,2
cwe.missions-cwc,desc_cfgmusic_entries,0,0,4.800,6,3,2
cwe.missions-cwc,desc_cfgradio_entries,3,6,10.800,12,3,7
cwe.missions-cwc,desc_cfgsounds_entries,0,6,26,31,3,12.333
cwe.missions-cwc,desc_has_gear_pool,0,0,0.800,1,3,0.333
cwe.missions-cwc,desc_has_identities,0,0,0.800,1,3,0.333
cwe.missions-cwc,desc_has_params,0,0,0,0,3,0
cwe.missions-cwc,desc_has_respawn,0,0,0,0,3,0
cwe.missions-cwc,desc_magazines_entries,0,0,4,5,3,1.667
cwe.missions-cwc,desc_rsctitles_entries,0,0,0,0,3,0
cwe.missions-cwc,desc_top_classes,3,6,6,6,3,5
cwe.missions-cwc,desc_top_keys,1,4,4,4,3,3
cwe.missions-cwc,desc_weapons_entries,0,0,2.400,3,3,1
cwe.missions-cwc,distinct_end_types,3,5,5,5,3,4.333
cwe.missions-cwc,empty_kind_objects,3,14,25.200,28,3,15
cwe.missions-cwc,empty_kind_vehicles,3,3,3.800,4,3,3.333
cwe.missions-cwc,empty_named,1,1,2.600,3,3,1.667
cwe.missions-cwc,empty_vehicles,6,17,29,32,3,18.333
cwe.missions-cwc,empty_with_init,0,0,1.600,2,3,0.667
cwe.missions-cwc,enemy_to_friendly_ratio,0.889,1.828,2.766,3,3,1.905
cwe.missions-cwc,enemy_units,8,15,45.400,53,3,25.333
cwe.missions-cwc,files,22,33,86.600,100,3,51.667
cwe.missions-cwc,folder_kb,389.745,556.879,6482.448,7963.840,3,2970.155
cwe.missions-cwc,friendly_units,5,9,25,29,3,14.333
cwe.missions-cwc,fx_camera,0,0,0,0,3,0
cwe.missions-cwc,fx_music,1,2,2.800,3,3,2
cwe.missions-cwc,fx_sound_or_voice,0,0,0,0,3,0
cwe.missions-cwc,fx_title,1,3,4.600,5,3,3
cwe.missions-cwc,groups,7,16,35.200,40,3,21
cwe.missions-cwc,groups_over_12,0,0,0,0,3,0
cwe.missions-cwc,has_any_cutscene_section,0,0,0.800,1,3,0.333
cwe.missions-cwc,has_briefing,1,1,1,1,3,1
cwe.missions-cwc,has_description_ext,1,1,1,1,3,1
cwe.missions-cwc,has_end_trigger,1,1,1,1,3,1
cwe.missions-cwc,has_intro,0,0,0.800,1,3,0.333
cwe.missions-cwc,has_lose_trigger,0,0,0,0,3,0
cwe.missions-cwc,has_outroloose,0,0,0,0,3,0
cwe.missions-cwc,has_outrowin,0,0,0,0,3,0
cwe.missions-cwc,has_overview,1,1,1,1,3,1
cwe.missions-cwc,has_script_exit,0,0,0,0,3,0
cwe.missions-cwc,has_script_init,1,1,1,1,3,1
cwe.missions-cwc,has_script_intro,0,0,0.800,1,3,0.333
cwe.missions-cwc,has_script_intro_any,0,0,0.800,1,3,0.333
cwe.missions-cwc,has_script_outro,1,1,1,1,3,1
cwe.missions-cwc,has_script_outro2,0,0,0.800,1,3,0.333
cwe.missions-cwc,has_script_outro_any,1,1,1,1,3,1
cwe.missions-cwc,has_stringtable,1,1,1,1,3,1
cwe.missions-cwc,image_files,1,1,1,1,3,1
cwe.missions-cwc,intro_triggers,14,14,14,14,1,14
cwe.missions-cwc,intro_units,35,35,35,35,1,35
cwe.missions-cwc,intro_waypoints,30,30,30,30,1,30
cwe.missions-cwc,is_dawn_dusk_start,0,0,0.800,1,3,0.333
cwe.missions-cwc,is_night_start,0,0,0,0,3,0
cwe.missions-cwc,lip_files,0,6,26,31,3,12.333
cwe.missions-cwc,markers,9,18,20.400,21,3,16
cwe.missions-cwc,markers_area,1,2,2.800,3,3,2
cwe.missions-cwc,markers_hidden_empty,0,5,5,5,3,3.333
cwe.missions-cwc,markers_icon,6,17,18.600,19,3,14
cwe.missions-cwc,markers_with_text,0,2,8.400,10,3,4
cwe.missions-cwc,objects_total,88,110,357.200,419,3,205.667
cwe.missions-cwc,overview_has_image,1,1,1,1,3,1
cwe.missions-cwc,overview_words,18,22,30.800,33,3,24.333
cwe.missions-cwc,playable_units,1,1,1,1,3,1
cwe.missions-cwc,player_route_m,969.096,4577.961,5600.330,5855.922,3,3800.993
cwe.missions-cwc,player_units,1,1,1,1,3,1
cwe.missions-cwc,script_camcreate_calls,1,3,3,3,3,2.333
cwe.missions-cwc,script_endmission_calls,0,0,0,0,3,0
cwe.missions-cwc,script_files,2,4,5.600,6,3,4
cwe.missions-cwc,script_lines,23,73,235.400,276,3,124
cwe.missions-cwc,script_objstatus_calls,0,0,0.800,1,3,0.333
cwe.missions-cwc,share_groups_no_wp,0.100,0.286,0.357,0.375,3,0.254
cwe.missions-cwc,share_groups_patrol_cycle,0,0.175,0.378,0.429,3,0.201
cwe.missions-cwc,share_groups_single_unit,0.475,0.571,0.714,0.750,3,0.599
cwe.missions-cwc,share_units_cargo,0,0,0.173,0.216,3,0.072
cwe.missions-cwc,share_units_fly,0,0.023,0.045,0.050,3,0.024
cwe.missions-cwc,share_units_init_exec,0,0,0,0,3,0
cwe.missions-cwc,share_units_named,0.205,0.500,0.618,0.647,3,0.451
cwe.missions-cwc,share_units_none_special,0,0.059,0.248,0.295,3,0.118
cwe.missions-cwc,share_units_with_init,0.176,0.193,0.479,0.550,3,0.307
cwe.missions-cwc,share_wp_attached,0.029,0.048,0.050,0.050,3,0.042
cwe.missions-cwc,share_wp_cond,0,0,0.043,0.054,3,0.018
cwe.missions-cwc,share_wp_description,0,0.059,0.092,0.100,3,0.053
cwe.missions-cwc,share_wp_effects,0,0,0.010,0.012,3,0.004
cwe.missions-cwc,share_wp_onact,0,0,0.153,0.192,3,0.064
cwe.missions-cwc,share_wp_script,0,0,0,0,3,0
cwe.missions-cwc,share_wp_showwp_never,1,1,1,1,3,1
cwe.missions-cwc,share_wp_synced,0.100,0.235,0.291,0.305,3,0.214
cwe.missions-cwc,share_wp_timeout,0,0.126,0.185,0.200,3,0.109
cwe.missions-cwc,sides_present,2,2,2,2,3,2
cwe.missions-cwc,sound_files,6,9,41,49,3,21.333
cwe.missions-cwc,sqm_text_kb,20.624,30.901,107.415,126.543,3,59.356
cwe.missions-cwc,start_fog,0,0,0,0,3,0
cwe.missions-cwc,start_hour,5,8,11.200,12,3,8.333
cwe.missions-cwc,start_overcast,0.162,0.488,0.738,0.800,3,0.483
cwe.missions-cwc,stringtable_en_words,100,206,774.800,917,3,407.667
cwe.missions-cwc,stringtable_keys,15,22,58,67,3,34.667
cwe.missions-cwc,stringtable_languages,6,6,6,6,3,6
cwe.missions-cwc,sync_dangling,0,0,0,0,3,0
cwe.missions-cwc,sync_ids,2,9,34.600,41,3,17.333
cwe.missions-cwc,sync_wp_trig,2,9,23.400,27,3,12.667
cwe.missions-cwc,sync_wp_wp,0,0,11.200,14,3,4.667
cwe.missions-cwc,trig_area,5,8,30.400,36,3,16.333
cwe.missions-cwc,trig_area_radius_m_median,52,250,1130,1350,3,550.667
cwe.missions-cwc,trig_attached_object,4,7,25.400,30,3,13.667
cwe.missions-cwc,trig_cond_true,3,4,17.600,21,3,9.333
cwe.missions-cwc,trig_condition_only,8,33,69,78,3,39.667
cwe.missions-cwc,trig_countdown_mode,1,3,7.800,9,3,4.333
cwe.missions-cwc,trig_custom_cond,11,34,86,99,3,48
cwe.missions-cwc,trig_effects,6,8,36.800,44,3,19.333
cwe.missions-cwc,trig_end,3,5,5,5,3,4.333
cwe.missions-cwc,trig_group_attached,0,0,0,0,3,0
cwe.missions-cwc,trig_guarded,0,0,0,0,3,0
cwe.missions-cwc,trig_lose,0,0,0,0,3,0
cwe.missions-cwc,trig_named,0,0,0,0,3,0
cwe.missions-cwc,trig_onact,9,27,57.400,65,3,33.667
cwe.missions-cwc,trig_ondeact,0,1,5,6,3,2.333
cwe.missions-cwc,trig_radio,0,0,0,0,3,0
cwe.missions-cwc,trig_rect,3,6,9.200,10,3,6.333
cwe.missions-cwc,trig_repeating,1,17,24.200,26,3,14.667
cwe.missions-cwc,trig_switch,1,9,11.400,12,3,7.333
cwe.missions-cwc,trig_synced,1,9,18.600,21,3,10.333
cwe.missions-cwc,trig_text,13,41,99.400,114,3,56
cwe.missions-cwc,trig_timeout_mode,3,15,17.400,18,3,12
cwe.missions-cwc,trig_timer,4,18,25.200,27,3,16.333
cwe.missions-cwc,triggers,13,41,99.400,114,3,56
cwe.missions-cwc,units,17,20,74.400,88,3,41.667
cwe.missions-cwc,units_alt_start_markers,0,2,2,2,3,1.333
cwe.missions-cwc,units_damaged_or_low,0,0,2.400,3,3,1
cwe.missions-cwc,units_kind_air,0,1,1,1,3,0.667
cwe.missions-cwc,units_kind_armored,2,5,9.800,11,3,6
cwe.missions-cwc,units_kind_car,0,1,5.800,7,3,2.667
cwe.missions-cwc,units_kind_men,8,14,58,69,3,30.333
cwe.missions-cwc,units_kind_ship,0,0,0,0,3,0
cwe.missions-cwc,units_kind_static,0,0,0,0,3,0
cwe.missions-cwc,units_kind_support,0,0,0,0,3,0
cwe.missions-cwc,units_kind_unknown,0,0,0,0,3,0
cwe.missions-cwc,units_per_group_max,2,7,7.800,8,3,5.667
cwe.missions-cwc,units_per_group_median,1,1,1.800,2,3,1.333
cwe.missions-cwc,units_placement_radius,0,2,2.800,3,3,1.667
cwe.missions-cwc,units_presence_cond,0,0,0,0,3,0
cwe.missions-cwc,units_presence_lt1,0,8,10.400,11,3,6.333
cwe.missions-cwc,waypoints,20,34,140.400,167,3,73.667
cwe.missions-cwc,wp_and,0,0,20,25,3,8.333
cwe.missions-cwc,wp_cycle,0,3,6.200,7,3,3.333
cwe.missions-cwc,wp_destroy,0,0,0.800,1,3,0.333
cwe.missions-cwc,wp_getin,0,1,9,11,3,4
cwe.missions-cwc,wp_getout,1,2,7.600,9,3,4
cwe.missions-cwc,wp_guard,0,0,0,0,3,0
cwe.missions-cwc,wp_hold,1,11,11,11,3,7.667
cwe.missions-cwc,wp_join,0,0,0.800,1,3,0.333
cwe.missions-cwc,wp_leader,0,0,0,0,3,0
cwe.missions-cwc,wp_leg_m_median,47.001,54.606,85.884,93.704,3,65.104
cwe.missions-cwc,wp_load,0,0,0,0,3,0
cwe.missions-cwc,wp_move,12,17,78.600,94,3,41
cwe.missions-cwc,wp_or,0,0,0,0,3,0
cwe.missions-cwc,wp_sad,1,5,5.800,6,3,4
cwe.missions-cwc,wp_scripted,0,0,0,0,3,0
cwe.missions-cwc,wp_sentry,0,0,0,0,3,0
cwe.missions-cwc,wp_support,0,0,0,0,3,0
cwe.missions-cwc,wp_talk,0,0,0,0,3,0
cwe.missions-cwc,wp_tr_unload,0,0,1.600,2,3,0.667
cwe.missions-cwc,wp_unload,0,0,0,0,3,0
cwe.missions-cwc,wps_per_group_mean,2.125,2.857,3.911,4.175,3,3.052
cwe.missions-cwe,addons_required,1,1,3,3,5,1.800
cwe.missions-cwe,any_placement_radius,0,0,0,0,5,0
cwe.missions-cwe,any_presence_condition,0,0,0,0,5,0
cwe.missions-cwe,any_presence_random,0,0,0,0,5,0
cwe.missions-cwe,ao_extent_m,937.944,2983.872,6762.933,7171.911,5,3768.380
cwe.missions-cwe,briefing_debrief_sections,2,2,2,2,5,2
cwe.missions-cwe,briefing_has_plan,1,1,1,1,5,1
cwe.missions-cwe,briefing_images,0,0,0,0,5,0
cwe.missions-cwe,briefing_languages,1,1,1,1,5,1
cwe.missions-cwe,briefing_marker_links,1,5,8.400,10,5,4.600
cwe.missions-cwe,briefing_objectives,1,2,2.600,3,5,1.800
cwe.missions-cwe,briefing_side_variants,0,0,0,0,5,0
cwe.missions-cwe,briefing_words_debriefing,12,17,23.400,27,5,17.800
cwe.missions-cwe,briefing_words_main,23,42,54.400,58,5,41.400
cwe.missions-cwe,briefing_words_notes_plan,42,74,117.600,142,5,77.800
cwe.missions-cwe,briefing_words_objectives,7,8,21.800,27,5,12.800
cwe.missions-cwe,briefing_words_plan,0,27,74.200,93,5,36.400
cwe.missions-cwe,briefing_words_total,67,112,267.400,325,5,151.600
cwe.missions-cwe,civ_units,0,0,0,0,5,0
cwe.missions-cwe,desc_cfgidentities_entries,0,0,0,0,5,0
cwe.missions-cwe,desc_cfgmusic_entries,0,0,0,0,5,0
cwe.missions-cwe,desc_cfgradio_entries,0,0,0,0,5,0
cwe.missions-cwe,desc_cfgsounds_entries,0,0,0,0,5,0
cwe.missions-cwe,desc_has_gear_pool,0,0,0,0,5,0
cwe.missions-cwe,desc_has_identities,0,0,0,0,5,0
cwe.missions-cwe,desc_has_params,0,0,0,0,5,0
cwe.missions-cwe,desc_has_respawn,0,0,0,0,5,0
cwe.missions-cwe,desc_magazines_entries,0,0,0,0,5,0
cwe.missions-cwe,desc_rsctitles_entries,0,0,0,0,5,0
cwe.missions-cwe,desc_top_classes,0,0,0,0,5,0
cwe.missions-cwe,desc_top_keys,4,5,6.200,7,5,5.200
cwe.missions-cwe,desc_weapons_entries,0,0,0,0,5,0
cwe.missions-cwe,distinct_end_types,1,2,2,2,5,1.600
cwe.missions-cwe,empty_kind_objects,0,1,31.400,37,5,12.400
cwe.missions-cwe,empty_kind_vehicles,0,4,5.200,6,5,2.800
cwe.missions-cwe,empty_named,0,0,0.600,1,5,0.200
cwe.missions-cwe,empty_vehicles,0,7,57,77,5,23.200
cwe.missions-cwe,empty_with_init,0,0,2.400,4,5,0.800
cwe.missions-cwe,enemy_to_friendly_ratio,0.543,0.962,1.436,1.750,5,1.006
cwe.missions-cwe,enemy_units,38,91,167.400,201,5,100.800
cwe.missions-cwe,files,5,7,10.800,12,5,7.800
cwe.missions-cwe,folder_kb,64.296,80.927,139.385,147.032,5,98.996
cwe.missions-cwe,friendly_units,52,70,183.400,209,5,107
cwe.missions-cwe,fx_camera,0,0,0,0,5,0
cwe.missions-cwe,fx_music,0,0,1,1,5,0.400
cwe.missions-cwe,fx_sound_or_voice,0,0,0,0,5,0
cwe.missions-cwe,fx_title,0,0,0,0,5,0
cwe.missions-cwe,groups,24,32,71.600,88,5,44.200
cwe.missions-cwe,groups_over_12,0,0,0,0,5,0
cwe.missions-cwe,has_any_cutscene_section,0,0,1,1,5,0.400
cwe.missions-cwe,has_briefing,1,1,1,1,5,1
cwe.missions-cwe,has_description_ext,1,1,1,1,5,1
cwe.missions-cwe,has_end_trigger,1,1,1,1,5,1
cwe.missions-cwe,has_intro,0,0,1,1,5,0.400
cwe.missions-cwe,has_lose_trigger,0,0,0,0,5,0
cwe.missions-cwe,has_outroloose,0,0,0,0,5,0
cwe.missions-cwe,has_outrowin,0,0,0,0,5,0
cwe.missions-cwe,has_overview,1,1,1,1,5,1
cwe.missions-cwe,has_script_exit,0,0,0,0,5,0
cwe.missions-cwe,has_script_init,1,1,1,1,5,1
cwe.missions-cwe,has_script_intro,0,0,0,0,5,0
cwe.missions-cwe,has_script_intro_any,0,0,0,0,5,0
cwe.missions-cwe,has_script_outro,0,0,0,0,5,0
cwe.missions-cwe,has_script_outro2,0,0,0,0,5,0
cwe.missions-cwe,has_script_outro_any,0,0,0,0,5,0
cwe.missions-cwe,has_stringtable,0,0,0,0,5,0
cwe.missions-cwe,image_files,0,1,1,1,5,0.600
cwe.missions-cwe,intro_triggers,1,1.500,1.900,2,2,1.500
cwe.missions-cwe,intro_units,25,42.500,56.500,60,2,42.500
cwe.missions-cwe,intro_waypoints,3,9.500,14.700,16,2,9.500
cwe.missions-cwe,is_dawn_dusk_start,1,1,1,1,5,1
cwe.missions-cwe,is_night_start,0,0,0,0,5,0
cwe.missions-cwe,lip_files,0,0,0,0,5,0
cwe.missions-cwe,markers,3,5,21.200,32,5,9.800
cwe.missions-cwe,markers_area,1,1,5.200,8,5,2.400
cwe.missions-cwe,markers_hidden_empty,0,0,0,0,5,0
cwe.missions-cwe,markers_icon,2,4,16,24,5,7.400
cwe.missions-cwe,markers_with_text,0,0,3.400,5,5,1.200
cwe.missions-cwe,objects_total,182,206,554.400,682,5,324.800
cwe.missions-cwe,overview_has_image,0,1,1,1,5,0.600
cwe.missions-cwe,overview_words,10,22,26.200,29,5,19.400
cwe.missions-cwe,playable_units,1,1,1,1,5,1
cwe.missions-cwe,player_route_m,31.007,1378.459,2274.703,2341.461,4,1282.346
cwe.missions-cwe,player_units,1,1,1,1,5,1
cwe.missions-cwe,script_camcreate_calls,0,1,2.600,3,5,1.200
cwe.missions-cwe,script_endmission_calls,0,0,0,0,5,0
cwe.missions-cwe,script_files,1,3,5.800,7,5,3.200
cwe.missions-cwe,script_lines,20,78,99.600,104,5,63.200
cwe.missions-cwe,script_objstatus_calls,0,0,3.800,5,5,1.400
cwe.missions-cwe,share_groups_no_wp,0.067,0.125,0.302,0.375,5,0.173
cwe.missions-cwe,share_groups_patrol_cycle,0,0,0,0,5,0
cwe.missions-cwe,share_groups_single_unit,0.128,0.284,0.401,0.469,5,0.278
cwe.missions-cwe,share_units_cargo,0,0.078,0.375,0.384,5,0.165
cwe.missions-cwe,share_units_fly,0,0.005,0.031,0.035,5,0.013
cwe.missions-cwe,share_units_init_exec,0,0,0.016,0.024,5,0.006
cwe.missions-cwe,share_units_named,0.002,0.008,0.067,0.088,5,0.027
cwe.missions-cwe,share_units_none_special,0,0.064,0.134,0.136,5,0.077
cwe.missions-cwe,share_units_with_init,0,0.005,0.169,0.180,5,0.067
cwe.missions-cwe,share_wp_attached,0,0,0.116,0.145,5,0.043
cwe.missions-cwe,share_wp_cond,0,0,0,0,5,0
cwe.missions-cwe,share_wp_description,0,0,0,0,5,0
cwe.missions-cwe,share_wp_effects,0,0,0,0,5,0
cwe.missions-cwe,share_wp_onact,0,0,0,0,5,0
cwe.missions-cwe,share_wp_script,0,0,0,0,5,0
cwe.missions-cwe,share_wp_showwp_never,1,1,1,1,5,1
cwe.missions-cwe,share_wp_synced,0,0.042,0.263,0.299,5,0.110
cwe.missions-cwe,share_wp_timeout,0,0,0,0,5,0
cwe.missions-cwe,sides_present,2,2,2.600,3,5,2.200
cwe.missions-cwe,sound_files,0,0,0,0,5,0
cwe.missions-cwe,sqm_text_kb,44.804,57.960,126.216,144.094,5,79.190
cwe.missions-cwe,start_fog,0.100,0.300,0.580,0.700,5,0.328
cwe.missions-cwe,start_hour,5,5,6,6,5,5.400
cwe.missions-cwe,start_overcast,0.200,0.700,0.760,0.800,5,0.600
cwe.missions-cwe,sync_dangling,0,0,0,0,5,0
cwe.missions-cwe,sync_ids,0,2,31,43,5,11.600
cwe.missions-cwe,sync_wp_trig,0,2,31,43,5,11.600
cwe.missions-cwe,sync_wp_wp,0,0,0,0,5,0
cwe.missions-cwe,trig_area,1,2,4.400,6,5,2.400
cwe.missions-cwe,trig_area_radius_m_median,75,250,420,500,5,275
cwe.missions-cwe,trig_attached_object,0,0,0,0,5,0
cwe.missions-cwe,trig_cond_true,0,0,1.600,2,5,0.600
cwe.missions-cwe,trig_condition_only,0,4,4.600,5,5,3
cwe.missions-cwe,trig_countdown_mode,0,0,0,0,5,0
cwe.missions-cwe,trig_custom_cond,1,5,6,6,5,4.200
cwe.missions-cwe,trig_effects,0,0,1,1,5,0.400
cwe.missions-cwe,trig_end,1,2,2,2,5,1.600
cwe.missions-cwe,trig_group_attached,0,0,0,0,5,0
cwe.missions-cwe,trig_guarded,0,0,1,1,5,0.400
cwe.missions-cwe,trig_lose,0,0,0,0,5,0
cwe.missions-cwe,trig_named,0,0,0,0,5,0
cwe.missions-cwe,trig_onact,1,4,6.800,8,5,4.400
cwe.missions-cwe,trig_ondeact,0,0,0,0,5,0
cwe.missions-cwe,trig_radio,0,0,0,0,5,0
cwe.missions-cwe,trig_rect,0,0,0,0,5,0
cwe.missions-cwe,trig_repeating,0,0,0,0,5,0
cwe.missions-cwe,trig_switch,0,0,0.600,1,5,0.200
cwe.missions-cwe,trig_synced,0,1,2.600,3,5,1.200
cwe.missions-cwe,trig_text,0,0,0,0,5,0
cwe.missions-cwe,trig_timeout_mode,0,0,0,0,5,0
cwe.missions-cwe,trig_timer,0,0,0,0,5,0
cwe.missions-cwe,triggers,1,5,9,11,5,5.400
cwe.missions-cwe,units,115,148,357.200,418,5,214.400
cwe.missions-cwe,units_alt_start_markers,0,0,0,0,5,0
cwe.missions-cwe,units_damaged_or_low,0,0,0,0,5,0
cwe.missions-cwe,units_kind_air,0,2,4.800,6,5,2.200
cwe.missions-cwe,units_kind_armored,3,13,26.400,30,5,14
cwe.missions-cwe,units_kind_car,0,0,4.800,8,5,1.600
cwe.missions-cwe,units_kind_men,97,140,313,371,5,186.800
cwe.missions-cwe,units_kind_ship,0,0,0,0,5,0
cwe.missions-cwe,units_kind_static,0,0,0,0,5,0
cwe.missions-cwe,units_kind_support,0,0,9.600,16,5,3.200
cwe.missions-cwe,units_kind_unknown,0,0,0,0,5,0
cwe.missions-cwe,units_per_group_max,12,12,12,12,5,12
cwe.missions-cwe,units_per_group_median,2,4,7,7,5,4.400
cwe.missions-cwe,units_placement_radius,0,0,0,0,5,0
cwe.missions-cwe,units_presence_cond,0,0,0,0,5,0
cwe.missions-cwe,units_presence_lt1,0,0,0,0,5,0
cwe.missions-cwe,waypoints,22,62,120,144,5,72
cwe.missions-cwe,wp_and,0,0,0,0,5,0
cwe.missions-cwe,wp_cycle,0,0,0,0,5,0
cwe.missions-cwe,wp_destroy,0,0,0,0,5,0
cwe.missions-cwe,wp_getin,0,0,7.800,9,5,3
cwe.missions-cwe,wp_getout,0,6,16.400,22,5,7.200
cwe.missions-cwe,wp_guard,0,0,11.600,16,5,4.200
cwe.missions-cwe,wp_hold,0,7,31,37,5,14.400
cwe.missions-cwe,wp_join,0,0,0,0,5,0
cwe.missions-cwe,wp_leader,0,0,0,0,5,0
cwe.missions-cwe,wp_leg_m_median,210.614,261.120,525.884,586.730,5,348.199
cwe.missions-cwe,wp_load,0,0,0.600,1,5,0.200
cwe.missions-cwe,wp_move,8,26,68,88,5,36.400
cwe.missions-cwe,wp_or,0,0,0,0,5,0
cwe.missions-cwe,wp_sad,0,0,13.200,20,5,4.600
cwe.missions-cwe,wp_scripted,0,0,0,0,5,0
cwe.missions-cwe,wp_sentry,0,0,0,0,5,0
cwe.missions-cwe,wp_support,0,0,0,0,5,0
cwe.missions-cwe,wp_talk,0,0,0,0,5,0
cwe.missions-cwe,wp_tr_unload,0,0,0,0,5,0
cwe.missions-cwe,wp_unload,0,1,4.800,6,5,2
cwe.missions-cwe,wps_per_group_mean,0.688,1.787,2.040,2.067,5,1.636
cwe.mpmissions,addons_required,0,0.500,4.300,9,28,1.714
cwe.mpmissions,any_placement_radius,0,0,1,1,28,0.429
cwe.mpmissions,any_presence_condition,0,0,0,0,28,0
cwe.mpmissions,any_presence_random,0,0,1,1,28,0.143
cwe.mpmissions,ao_extent_m,3.300,1993.984,4598.384,5355.959,28,2163.914
cwe.mpmissions,briefing_debrief_sections,1,6,6,6,28,5.679
cwe.mpmissions,briefing_has_plan,1,1,1,1,28,1
cwe.mpmissions,briefing_images,0,0,0,0,28,0
cwe.mpmissions,briefing_languages,1,5,6,6,28,5.143
cwe.mpmissions,briefing_marker_links,0,4,14,22,28,6.286
cwe.mpmissions,briefing_objectives,0,2,4,4,28,1.607
cwe.mpmissions,briefing_side_variants,0,0,2,6,28,0.643
cwe.mpmissions,briefing_words_debriefing,3,15,35.400,73,28,21.107
cwe.mpmissions,briefing_words_main,14,76,160,182,28,87.607
cwe.mpmissions,briefing_words_notes_plan,26,118,188,368,28,131.643
cwe.mpmissions,briefing_words_objectives,0,10.500,47.800,57,28,16.821
cwe.mpmissions,briefing_words_plan,0,35.500,78.800,220,28,44.036
cwe.mpmissions,briefing_words_total,58,159,281.400,383,28,176.500
cwe.mpmissions,civ_units,0,0,1,8,28,0.786
cwe.mpmissions,desc_cfgidentities_entries,0,0,0,0,27,0
cwe.mpmissions,desc_cfgmusic_entries,0,0,0,0,27,0
cwe.mpmissions,desc_cfgradio_entries,0,0,6.400,10,27,1.519
cwe.mpmissions,desc_cfgsounds_entries,0,1,4,11,27,1.778
cwe.mpmissions,desc_has_gear_pool,0,0,0.400,1,27,0.111
cwe.mpmissions,desc_has_identities,0,0,0,0,27,0
cwe.mpmissions,desc_has_params,0,1,1,1,27,0.667
cwe.mpmissions,desc_has_respawn,0,1,1,1,27,0.815
cwe.mpmissions,desc_magazines_entries,0,0,0.800,7,27,0.556
cwe.mpmissions,desc_rsctitles_entries,0,0,0,0,27,0
cwe.mpmissions,desc_top_classes,0,1,4.400,6,27,1.630
cwe.mpmissions,desc_top_keys,0,11,12,12,27,7.963
cwe.mpmissions,desc_weapons_entries,0,0,0.400,4,27,0.296
cwe.mpmissions,distinct_end_types,1,1,3,5,28,1.429
cwe.mpmissions,empty_kind_objects,1,72,128.900,300,28,74.321
cwe.mpmissions,empty_kind_vehicles,0,7,19.100,79,28,11.250
cwe.mpmissions,empty_named,0,2,10.500,21,28,3.607
cwe.mpmissions,empty_vehicles,7,76.500,151.200,304,28,85.571
cwe.mpmissions,empty_with_init,0,7.500,14,25,28,7.071
cwe.mpmissions,enemy_to_friendly_ratio,0,1,10.447,15.500,28,3.284
cwe.mpmissions,enemy_units,0,5.500,71.200,87,28,25.393
cwe.mpmissions,files,8,15.500,24.900,40,28,16.893
cwe.mpmissions,folder_kb,18.020,144.222,653.038,892.940,28,230.232
cwe.mpmissions,friendly_units,4,6.500,13.900,25,28,8.071
cwe.mpmissions,fx_camera,0,0,0,2,28,0.071
cwe.mpmissions,fx_music,0,0,0,0,28,0
cwe.mpmissions,fx_sound_or_voice,0,0.500,4,9,28,1.679
cwe.mpmissions,fx_title,0,0,1.600,5,28,0.607
cwe.mpmissions,groups,2,8.500,20.300,35,28,10.607
cwe.mpmissions,groups_over_12,0,0,0,0,28,0
cwe.mpmissions,has_any_cutscene_section,0,0,0,1,28,0.036
cwe.mpmissions,has_briefing,1,1,1,1,28,1
cwe.mpmissions,has_description_ext,0,1,1,1,28,0.964
cwe.mpmissions,has_end_trigger,1,1,1,1,28,1
cwe.mpmissions,has_intro,0,0,0,1,28,0.036
cwe.mpmissions,has_lose_trigger,0,0,0,0,28,0
cwe.mpmissions,has_outroloose,0,0,0,0,28,0
cwe.mpmissions,has_outrowin,0,0,0,0,28,0
cwe.mpmissions,has_overview,0,0,1,1,28,0.321
cwe.mpmissions,has_script_exit,0,0,0,0,28,0
cwe.mpmissions,has_script_init,0,1,1,1,28,0.750
cwe.mpmissions,has_script_intro,0,0,0,1,28,0.071
cwe.mpmissions,has_script_intro_any,0,0,0,1,28,0.071
cwe.mpmissions,has_script_outro,0,1,1,1,28,0.679
cwe.mpmissions,has_script_outro2,0,0,0,1,28,0.036
cwe.mpmissions,has_script_outro_any,0,1,1,1,28,0.679
cwe.mpmissions,has_stringtable,1,1,1,1,28,1
cwe.mpmissions,image_files,0,0,1,2,28,0.429
cwe.mpmissions,intro_triggers,1,1,1,1,1,1
cwe.mpmissions,intro_units,42,42,42,42,1,42
cwe.mpmissions,intro_waypoints,13,13,13,13,1,13
cwe.mpmissions,is_dawn_dusk_start,0,0,1,1,28,0.143
cwe.mpmissions,is_night_start,0,0,0,1,28,0.036
cwe.mpmissions,lip_files,0,0,0,0,28,0
cwe.mpmissions,markers,2,14,60,69,28,23.643
cwe.mpmissions,markers_area,0,2.500,4,27,28,3.536
cwe.mpmissions,markers_hidden_empty,0,0,6,9,28,1.464
cwe.mpmissions,markers_icon,1,8,57.300,66,28,20.107
cwe.mpmissions,markers_with_text,0,0,6,9,28,2
cwe.mpmissions,objects_total,76,185.500,285.300,404,28,197.857
cwe.mpmissions,overview_has_image,1,1,1,1,9,1
cwe.mpmissions,overview_words,0,21,32.200,33,9,21.222
cwe.mpmissions,playable_units,3,8,12,14,28,8.464
cwe.mpmissions,player_route_m,78.151,858.927,1788.568,2513.161,23,956.056
cwe.mpmissions,player_units,0,1,1,1,28,0.929
cwe.mpmissions,script_camcreate_calls,0,1,1.300,11,28,1.143
cwe.mpmissions,script_endmission_calls,0,0,0,0,28,0
cwe.mpmissions,script_files,0,2,9.900,20,28,3.714
cwe.mpmissions,script_lines,0,22,152.400,980,28,87.607
cwe.mpmissions,script_objstatus_calls,0,0,0,1,28,0.036
cwe.mpmissions,share_groups_no_wp,0,0.120,0.333,0.543,28,0.160
cwe.mpmissions,share_groups_patrol_cycle,0,0.398,0.946,1,28,0.437
cwe.mpmissions,share_groups_single_unit,0,0.333,1,1,28,0.442
cwe.mpmissions,share_units_cargo,0,0,0.018,0.106,28,0.009
cwe.mpmissions,share_units_fly,0,0,0,0,28,0
cwe.mpmissions,share_units_init_exec,0,0,0,0,28,0
cwe.mpmissions,share_units_named,0,0.889,1,1,28,0.594
cwe.mpmissions,share_units_none_special,0,0,0.130,0.923,28,0.080
cwe.mpmissions,share_units_with_init,0,0.136,0.889,1,28,0.272
cwe.mpmissions,share_wp_attached,0,0,0.101,0.133,28,0.024
cwe.mpmissions,share_wp_cond,0,0.010,0.200,0.217,28,0.076
cwe.mpmissions,share_wp_description,0,0,0.033,0.045,28,0.006
cwe.mpmissions,share_wp_effects,0,0,0,0.111,28,0.004
cwe.mpmissions,share_wp_onact,0,0,0.200,0.200,28,0.070
cwe.mpmissions,share_wp_script,0,0,0,0,28,0
cwe.mpmissions,share_wp_showwp_never,1,1,1,1,28,1
cwe.mpmissions,share_wp_synced,0,0.241,0.500,0.833,28,0.270
cwe.mpmissions,share_wp_timeout,0,0,0.203,0.404,28,0.064
cwe.mpmissions,sides_present,1,2,3,3,28,2.179
cwe.mpmissions,sound_files,0,2,8,11,28,3.071
cwe.mpmissions,sqm_text_kb,19.722,46.952,69.376,97.554,28,49.007
cwe.mpmissions,start_fog,0,0,0,0.281,28,0.017
cwe.mpmissions,start_hour,3,7,8.900,15,28,7.321
cwe.mpmissions,start_overcast,0.056,0.500,0.526,0.749,28,0.482
cwe.mpmissions,stringtable_en_words,7,79,145.500,211,28,86.286
cwe.mpmissions,stringtable_keys,4,24,31.300,39,28,21.821
cwe.mpmissions,stringtable_languages,6,6,7,7,28,6.143
cwe.mpmissions,sync_dangling,0,0,0,0,28,0
cwe.mpmissions,sync_ids,0,4.500,16,24,28,6.857
cwe.mpmissions,sync_wp_trig,0,4,16,24,28,6.607
cwe.mpmissions,sync_wp_wp,0,0,0,5,28,0.250
cwe.mpmissions,trig_area,2,4.500,10,23,28,5.464
cwe.mpmissions,trig_area_radius_m_median,6,265,1511.500,2915,28,462.128
cwe.mpmissions,trig_attached_object,0,0,3.300,10,28,0.821
cwe.mpmissions,trig_cond_true,0,1,2,12,28,1.536
cwe.mpmissions,trig_condition_only,1,15,42.500,65,28,19.179
cwe.mpmissions,trig_countdown_mode,0,0,2,21,28,1.464
cwe.mpmissions,trig_custom_cond,2,16,46.200,71,28,21.214
cwe.mpmissions,trig_effects,0,2,6.200,27,28,3.500
cwe.mpmissions,trig_end,1,1,3,5,28,1.429
cwe.mpmissions,trig_group_attached,0,0,0,0,28,0
cwe.mpmissions,trig_guarded,0,0,0,0,28,0
cwe.mpmissions,trig_lose,0,0,0,0,28,0
cwe.mpmissions,trig_named,0,2,3,8,28,1.536
cwe.mpmissions,trig_onact,2,17,44.300,56,28,20.321
cwe.mpmissions,trig_ondeact,0,0,5.200,34,28,2.250
cwe.mpmissions,trig_radio,0,0,1,1,28,0.357
cwe.mpmissions,trig_rect,0,0,4,13,28,1.250
cwe.mpmissions,trig_repeating,0,7.500,37.800,66,28,12
cwe.mpmissions,trig_switch,0,2,6,10,28,2.964
cwe.mpmissions,trig_synced,0,2,6.300,10,28,3
cwe.mpmissions,trig_text,4,20,51.300,57,28,23.429
cwe.mpmissions,trig_timeout_mode,0,4,16.100,34,28,6.679
cwe.mpmissions,trig_timer,1,4,22.200,36,28,8.143
cwe.mpmissions,triggers,4,20,52.300,75,28,25
cwe.mpmissions,units,8,13,90.500,104,28,34.250
cwe.mpmissions,units_alt_start_markers,0,0,0,1,28,0.036
cwe.mpmissions,units_damaged_or_low,0,0,1,21,28,0.857
cwe.mpmissions,units_kind_air,0,0,0,0,28,0
cwe.mpmissions,units_kind_armored,0,0,10,11,28,2.857
cwe.mpmissions,units_kind_car,0,0,2,3,28,0.393
cwe.mpmissions,units_kind_men,8,12,80.900,93,28,30.464
cwe.mpmissions,units_kind_ship,0,0,0,0,28,0
cwe.mpmissions,units_kind_static,0,0,0,0,28,0
cwe.mpmissions,units_kind_support,0,0,1,2,28,0.250
cwe.mpmissions,units_kind_unknown,0,0,0,0,28,0
cwe.mpmissions,units_per_group_max,1,6,9.300,10,28,5.714
cwe.mpmissions,units_per_group_median,1,3.250,5.300,6,28,3.196
cwe.mpmissions,units_placement_radius,0,0,8,12,28,1.643
cwe.mpmissions,units_presence_cond,0,0,0,0,28,0
cwe.mpmissions,units_presence_lt1,0,0,1.300,10,28,0.607
cwe.mpmissions,waypoints,2,27.500,61.500,67,28,29.393
cwe.mpmissions,wp_and,0,0,0,6,28,0.214
cwe.mpmissions,wp_cycle,0,2,8,12,28,3.143
cwe.mpmissions,wp_destroy,0,0,0,0,28,0
cwe.mpmissions,wp_getin,0,0,3.300,5,28,0.714
cwe.mpmissions,wp_getout,0,0,1.300,5,28,0.393
cwe.mpmissions,wp_guard,0,0,3.600,9,28,0.893
cwe.mpmissions,wp_hold,0,4,16,24,28,6.286
cwe.mpmissions,wp_join,0,0,0,0,28,0
cwe.mpmissions,wp_leader,0,0,0,0,28,0
cwe.mpmissions,wp_leg_m_median,0.587,101.389,426.044,485.845,28,160.667
cwe.mpmissions,wp_load,0,0,0,0,28,0
cwe.mpmissions,wp_move,0,13,33.600,39,28,14.929
cwe.mpmissions,wp_or,0,0,0,0,28,0
cwe.mpmissions,wp_sad,0,0,7.600,16,28,2.536
cwe.mpmissions,wp_scripted,0,0,0,0,28,0
cwe.mpmissions,wp_sentry,0,0,0,0,28,0
cwe.mpmissions,wp_support,0,0,0,1,28,0.036
cwe.mpmissions,wp_talk,0,0,0,0,28,0
cwe.mpmissions,wp_tr_unload,0,0,0,1,28,0.036
cwe.mpmissions,wp_unload,0,0,1,2,28,0.214
cwe.mpmissions,wps_per_group_mean,0.667,3.100,4.496,5,28,2.951
cwe.mpmissions.coop,addons_required,0,0.500,4.300,5,8,1.500
cwe.mpmissions.coop,any_placement_radius,0,0.500,1,1,8,0.500
cwe.mpmissions.coop,any_presence_condition,0,0,0,0,8,0
cwe.mpmissions.coop,any_presence_random,0,0,1,1,8,0.375
cwe.mpmissions.coop,ao_extent_m,1224.233,2098.820,3054.949,4163.784,8,2200.307
cwe.mpmissions.coop,briefing_debrief_sections,2,6,6,6,8,5.500
cwe.mpmissions.coop,briefing_has_plan,1,1,1,1,8,1
cwe.mpmissions.coop,briefing_images,0,0,0,0,8,0
cwe.mpmissions.coop,briefing_languages,5,5,6,6,8,5.375
cwe.mpmissions.coop,briefing_marker_links,2,3.500,9,9,8,4.750
cwe.mpmissions.coop,briefing_objectives,1,2,3.300,4,8,2.375
cwe.mpmissions.coop,briefing_side_variants,0,0,0,0,8,0
cwe.mpmissions.coop,briefing_words_debriefing,13,28.500,52.700,73,8,32.750
cwe.mpmissions.coop,briefing_words_main,21,85.500,131.400,179,8,87.875
cwe.mpmissions.coop,briefing_words_notes_plan,26,113,162.100,223,8,112.875
cwe.mpmissions.coop,briefing_words_objectives,8,39.500,54.200,57,8,34.500
cwe.mpmissions.coop,briefing_words_plan,5,27.500,39.100,44,8,25
cwe.mpmissions.coop,briefing_words_total,58,200.500,281.400,336,8,193.375
cwe.mpmissions.coop,civ_units,0,0,0.300,1,8,0.125
cwe.mpmissions.coop,desc_cfgidentities_entries,0,0,0,0,7,0
cwe.mpmissions.coop,desc_cfgmusic_entries,0,0,0,0,7,0
cwe.mpmissions.coop,desc_cfgradio_entries,0,2,8.800,10,7,4.143
cwe.mpmissions.coop,desc_cfgsounds_entries,0,0,1,1,7,0.286
cwe.mpmissions.coop,desc_has_gear_pool,0,0,1,1,7,0.429
cwe.mpmissions.coop,desc_has_identities,0,0,0,0,7,0
cwe.mpmissions.coop,desc_has_params,0,0,0,0,7,0
cwe.mpmissions.coop,desc_has_respawn,0,1,1,1,7,0.571
cwe.mpmissions.coop,desc_magazines_entries,0,0,6.400,7,7,2.143
cwe.mpmissions.coop,desc_rsctitles_entries,0,0,0,0,7,0
cwe.mpmissions.coop,desc_top_classes,0,3,6,6,7,3.143
cwe.mpmissions.coop,desc_top_keys,0,2,3,3,7,1.714
cwe.mpmissions.coop,desc_weapons_entries,0,0,3.400,4,7,1.143
cwe.mpmissions.coop,distinct_end_types,1,1,3.600,5,8,1.875
cwe.mpmissions.coop,empty_kind_objects,1,9.500,83,125,8,31.125
cwe.mpmissions.coop,empty_kind_vehicles,3,7,11.400,17,8,7.625
cwe.mpmissions.coop,empty_named,0,0,2.300,3,8,0.625
cwe.mpmissions.coop,empty_vehicles,7,14,94.400,142,8,38.750
cwe.mpmissions.coop,empty_with_init,0,1.500,4.300,5,8,2
cwe.mpmissions.coop,enemy_to_friendly_ratio,2.680,5.735,11.737,15.500,8,7.187
cwe.mpmissions.coop,enemy_units,43,66.500,84.900,87,8,66.875
cwe.mpmissions.coop,files,8,14.500,24.900,27,8,15.875
cwe.mpmissions.coop,folder_kb,18.020,114.757,787.725,892.940,8,311.299
cwe.mpmissions.coop,friendly_units,4,10,21.500,25,8,12.125
cwe.mpmissions.coop,fx_camera,0,0,0.600,2,8,0.250
cwe.mpmissions.coop,fx_music,0,0,0,0,8,0
cwe.mpmissions.coop,fx_sound_or_voice,0,0,0,0,8,0
cwe.mpmissions.coop,fx_title,0,1,3.600,5,8,1.500
cwe.mpmissions.coop,groups,15,19.500,28.700,35,8,21.375
cwe.mpmissions.coop,groups_over_12,0,0,0,0,8,0
cwe.mpmissions.coop,has_any_cutscene_section,0,0,0.300,1,8,0.125
cwe.mpmissions.coop,has_briefing,1,1,1,1,8,1
cwe.mpmissions.coop,has_description_ext,0,1,1,1,8,0.875
cwe.mpmissions.coop,has_end_trigger,1,1,1,1,8,1
cwe.mpmissions.coop,has_intro,0,0,0.300,1,8,0.125
cwe.mpmissions.coop,has_lose_trigger,0,0,0,0,8,0
cwe.mpmissions.coop,has_outroloose,0,0,0,0,8,0
cwe.mpmissions.coop,has_outrowin,0,0,0,0,8,0
cwe.mpmissions.coop,has_overview,0,0.500,1,1,8,0.500
cwe.mpmissions.coop,has_script_exit,0,0,0,0,8,0
cwe.mpmissions.coop,has_script_init,0,0.500,1,1,8,0.500
cwe.mpmissions.coop,has_script_intro,0,0,0.300,1,8,0.125
cwe.mpmissions.coop,has_script_intro_any,0,0,0.300,1,8,0.125
cwe.mpmissions.coop,has_script_outro,0,0,1,1,8,0.375
cwe.mpmissions.coop,has_script_outro2,0,0,0,0,8,0
cwe.mpmissions.coop,has_script_outro_any,0,0,1,1,8,0.375
cwe.mpmissions.coop,has_stringtable,1,1,1,1,8,1
cwe.mpmissions.coop,image_files,0,0.500,1,1,8,0.500
cwe.mpmissions.coop,intro_triggers,1,1,1,1,1,1
cwe.mpmissions.coop,intro_units,42,42,42,42,1,42
cwe.mpmissions.coop,intro_waypoints,13,13,13,13,1,13
cwe.mpmissions.coop,is_dawn_dusk_start,0,0,1,1,8,0.375
cwe.mpmissions.coop,is_night_start,0,0,0.300,1,8,0.125
cwe.mpmissions.coop,lip_files,0,0,0,0,8,0
cwe.mpmissions.coop,markers,2,9.500,59.900,69,8,23
cwe.mpmissions.coop,markers_area,0,2.500,3.300,4,8,2
cwe.mpmissions.coop,markers_hidden_empty,0,1,3.200,6,8,1.500
cwe.mpmissions.coop,markers_icon,2,6.500,56.900,66,8,21
cwe.mpmissions.coop,markers_with_text,1,3,6,6,8,3.375
cwe.mpmissions.coop,objects_total,112,223.500,288.300,310,8,211.250
cwe.mpmissions.coop,overview_has_image,1,1,1,1,4,1
cwe.mpmissions.coop,overview_words,0,19,29.400,33,4,17.750
cwe.mpmissions.coop,playable_units,4,7.500,10.500,14,8,7.750
cwe.mpmissions.coop,player_route_m,843.615,1164.699,1811.867,2038.879,6,1275.945
cwe.mpmissions.coop,player_units,1,1,1,1,8,1
cwe.mpmissions.coop,script_camcreate_calls,0,0,1.300,2,8,0.500
cwe.mpmissions.coop,script_endmission_calls,0,0,0,0,8,0
cwe.mpmissions.coop,script_files,0,1.500,2.900,5,8,1.500
cwe.mpmissions.coop,script_lines,0,9,46.900,105,8,20.875
cwe.mpmissions.coop,script_objstatus_calls,0,0,0.300,1,8,0.125
cwe.mpmissions.coop,share_groups_no_wp,0,0.120,0.303,0.543,8,0.166
cwe.mpmissions.coop,share_groups_patrol_cycle,0,0.119,0.301,0.421,8,0.145
cwe.mpmissions.coop,share_groups_single_unit,0,0.244,0.446,0.629,8,0.272
cwe.mpmissions.coop,share_units_cargo,0,0,0.085,0.106,8,0.030
cwe.mpmissions.coop,share_units_fly,0,0,0,0,8,0
cwe.mpmissions.coop,share_units_init_exec,0,0,0,0,8,0
cwe.mpmissions.coop,share_units_named,0,0.067,0.146,0.151,8,0.076
cwe.mpmissions.coop,share_units_none_special,0,0,0.103,0.202,8,0.033
cwe.mpmissions.coop,share_units_with_init,0,0.113,0.356,0.534,8,0.164
cwe.mpmissions.coop,share_wp_attached,0,0.044,0.104,0.122,8,0.053
cwe.mpmissions.coop,share_wp_cond,0,0,0.110,0.217,8,0.041
cwe.mpmissions.coop,share_wp_description,0,0,0.035,0.045,8,0.009
cwe.mpmissions.coop,share_wp_effects,0,0,0,0,8,0
cwe.mpmissions.coop,share_wp_onact,0,0.012,0.061,0.090,8,0.024
cwe.mpmissions.coop,share_wp_script,0,0,0,0,8,0
cwe.mpmissions.coop,share_wp_showwp_never,1,1,1,1,8,1
cwe.mpmissions.coop,share_wp_synced,0.022,0.166,0.240,0.244,8,0.158
cwe.mpmissions.coop,share_wp_timeout,0,0.062,0.259,0.404,8,0.111
cwe.mpmissions.coop,sides_present,2,2,2.300,3,8,2.125
cwe.mpmissions.coop,sound_files,0,1,8.600,10,8,3.500
cwe.mpmissions.coop,sqm_text_kb,27.574,54.374,69.706,74.896,8,53.839
cwe.mpmissions.coop,start_fog,0,0,0.228,0.281,8,0.061
cwe.mpmissions.coop,start_hour,3,6.500,7.300,8,8,6.250
cwe.mpmissions.coop,start_overcast,0.056,0.500,0.706,0.749,8,0.510
cwe.mpmissions.coop,stringtable_en_words,7,45.500,180.900,211,8,81.625
cwe.mpmissions.coop,stringtable_keys,4,11.500,21.900,24,8,11.750
cwe.mpmissions.coop,stringtable_languages,6,6,7,7,8,6.375
cwe.mpmissions.coop,sync_dangling,0,0,0,0,8,0
cwe.mpmissions.coop,sync_ids,1,5.500,12.500,16,8,7.250
cwe.mpmissions.coop,sync_wp_trig,1,5.500,11.800,16,8,6.375
cwe.mpmissions.coop,sync_wp_wp,0,0,2.900,5,8,0.875
cwe.mpmissions.coop,trig_area,2,7,16,23,8,8.500
cwe.mpmissions.coop,trig_area_radius_m_median,25,275,680,1450,8,364.375
cwe.mpmissions.coop,trig_attached_object,0,2,5.800,10,8,2.875
cwe.mpmissions.coop,trig_cond_true,0,1,5,12,8,2.250
cwe.mpmissions.coop,trig_condition_only,1,5.500,21.500,39,8,10.500
cwe.mpmissions.coop,trig_countdown_mode,0,1,12.600,21,8,4.250
cwe.mpmissions.coop,trig_custom_cond,2,11.500,26.100,45,8,13.875
cwe.mpmissions.coop,trig_effects,0,1.500,16.500,27,8,5.875
cwe.mpmissions.coop,trig_end,1,1,3.600,5,8,1.875
cwe.mpmissions.coop,trig_group_attached,0,0,0,0,8,0
cwe.mpmissions.coop,trig_guarded,0,0,0,0,8,0
cwe.mpmissions.coop,trig_lose,0,0,0,0,8,0
cwe.mpmissions.coop,trig_named,0,0,0.300,1,8,0.125
cwe.mpmissions.coop,trig_onact,2,9,24.400,30,8,12.750
cwe.mpmissions.coop,trig_ondeact,0,0,1.300,2,8,0.375
cwe.mpmissions.coop,trig_radio,0,0,0.300,1,8,0.125
cwe.mpmissions.coop,trig_rect,0,1.500,8.100,13,8,3.250
cwe.mpmissions.coop,trig_repeating,0,1,3.800,8,8,1.750
cwe.mpmissions.coop,trig_switch,0,1,4.300,5,8,1.625
cwe.mpmissions.coop,trig_synced,1,2,5.600,7,8,3
cwe.mpmissions.coop,trig_text,4,15.500,30.300,52,8,17.875
cwe.mpmissions.coop,trig_timeout_mode,0,2.500,7.700,14,8,3.625
cwe.mpmissions.coop,trig_timer,1,4,17.500,35,8,7.875
cwe.mpmissions.coop,triggers,4,16,35.200,52,8,19.125
cwe.mpmissions.coop,units,52,81,101.200,104,8,79.250
cwe.mpmissions.coop,units_alt_start_markers,0,0,0.300,1,8,0.125
cwe.mpmissions.coop,units_damaged_or_low,0,0,7,21,8,2.750
cwe.mpmissions.coop,units_kind_air,0,0,0,0,8,0
cwe.mpmissions.coop,units_kind_armored,2,8,10,10,8,7.250
cwe.mpmissions.coop,units_kind_car,0,1.500,2.300,3,8,1.250
cwe.mpmissions.coop,units_kind_men,48,72,89.500,93,8,70.250
cwe.mpmissions.coop,units_kind_ship,0,0,0,0,8,0
cwe.mpmissions.coop,units_kind_static,0,0,0,0,8,0
cwe.mpmissions.coop,units_kind_support,0,0,1,1,8,0.375
cwe.mpmissions.coop,units_kind_unknown,0,0,0,0,8,0
cwe.mpmissions.coop,units_per_group_max,6,9,10,10,8,8.750
cwe.mpmissions.coop,units_per_group_median,1,3,4.950,6,8,3.375
cwe.mpmissions.coop,units_placement_radius,0,0,5,5,8,1.250
cwe.mpmissions.coop,units_presence_cond,0,0,0,0,8,0
cwe.mpmissions.coop,units_presence_lt1,0,0,5.800,10,8,2
cwe.mpmissions.coop,waypoints,31,49,66.300,67,8,51.125
cwe.mpmissions.coop,wp_and,0,0,1.800,6,8,0.750
cwe.mpmissions.coop,wp_cycle,0,2,5.900,8,8,2.625
cwe.mpmissions.coop,wp_destroy,0,0,0,0,8,0
cwe.mpmissions.coop,wp_getin,0,2.500,4.300,5,8,2.375
cwe.mpmissions.coop,wp_getout,0,0.500,2.900,5,8,1.250
cwe.mpmissions.coop,wp_guard,0,2,6.200,9,8,2.875
cwe.mpmissions.coop,wp_hold,1,4.500,14.600,23,8,7
cwe.mpmissions.coop,wp_join,0,0,0,0,8,0
cwe.mpmissions.coop,wp_leader,0,0,0,0,8,0
cwe.mpmissions.coop,wp_leg_m_median,3.419,67.121,171.247,205.344,8,86.221
cwe.mpmissions.coop,wp_load,0,0,0,0,8,0
cwe.mpmissions.coop,wp_move,18,26.500,36.200,39,8,28.250
cwe.mpmissions.coop,wp_or,0,0,0,0,8,0
cwe.mpmissions.coop,wp_sad,0,5,9.900,12,8,5.125
cwe.mpmissions.coop,wp_scripted,0,0,0,0,8,0
cwe.mpmissions.coop,wp_sentry,0,0,0,0,8,0
cwe.mpmissions.coop,wp_support,0,0,0.300,1,8,0.125
cwe.mpmissions.coop,wp_talk,0,0,0,0,8,0
cwe.mpmissions.coop,wp_tr_unload,0,0,0.300,1,8,0.125
cwe.mpmissions.coop,wp_unload,0,0.500,1.300,2,8,0.625
cwe.mpmissions.coop,wps_per_group_mean,1.314,2.570,3.317,3.474,8,2.492
cwe.mpmissions.deathmatch,addons_required,0,0,2.600,3,5,1
cwe.mpmissions.deathmatch,any_placement_radius,0,1,1,1,5,0.800
cwe.mpmissions.deathmatch,any_presence_condition,0,0,0,0,5,0
cwe.mpmissions.deathmatch,any_presence_random,0,0,0,0,5,0
cwe.mpmissions.deathmatch,ao_extent_m,3.300,161.776,3059.169,3301.960,5,1255.141
cwe.mpmissions.deathmatch,briefing_debrief_sections,6,6,6,6,5,6
cwe.mpmissions.deathmatch,briefing_has_plan,1,1,1,1,5,1
cwe.mpmissions.deathmatch,briefing_images,0,0,0,0,5,0
cwe.mpmissions.deathmatch,briefing_languages,5,5,5,5,5,5
cwe.mpmissions.deathmatch,briefing_marker_links,0,2,2,2,5,1.600
cwe.mpmissions.deathmatch,briefing_objectives,0,0,0,0,5,0
cwe.mpmissions.deathmatch,briefing_side_variants,0,0,0,0,5,0
cwe.mpmissions.deathmatch,briefing_words_debriefing,15,15,15,15,5,15
cwe.mpmissions.deathmatch,briefing_words_main,31,64,64,64,5,57.400
cwe.mpmissions.deathmatch,briefing_words_notes_plan,60,116,116,116,5,104.800
cwe.mpmissions.deathmatch,briefing_words_objectives,0,0,0,0,5,0
cwe.mpmissions.deathmatch,briefing_words_plan,29,52,52,52,5,47.400
cwe.mpmissions.deathmatch,briefing_words_total,75,131,131,131,5,119.800
cwe.mpmissions.deathmatch,civ_units,0,1,5.200,8,5,2
cwe.mpmissions.deathmatch,desc_cfgidentities_entries,0,0,0,0,5,0
cwe.mpmissions.deathmatch,desc_cfgmusic_entries,0,0,0,0,5,0
cwe.mpmissions.deathmatch,desc_cfgradio_entries,0,0,0,0,5,0
cwe.mpmissions.deathmatch,desc_cfgsounds_entries,0,2,2,2,5,1.600
cwe.mpmissions.deathmatch,desc_has_gear_pool,0,0,0,0,5,0
cwe.mpmissions.deathmatch,desc_has_identities,0,0,0,0,5,0
cwe.mpmissions.deathmatch,desc_has_params,1,1,1,1,5,1
cwe.mpmissions.deathmatch,desc_has_respawn,1,1,1,1,5,1
cwe.mpmissions.deathmatch,desc_magazines_entries,0,0,0,0,5,0
cwe.mpmissions.deathmatch,desc_rsctitles_entries,0,0,0,0,5,0
cwe.mpmissions.deathmatch,desc_top_classes,0,1,1,1,5,0.800
cwe.mpmissions.deathmatch,desc_top_keys,11,11,11.600,12,5,11.200
cwe.mpmissions.deathmatch,desc_weapons_entries,0,0,0,0,5,0
cwe.mpmissions.deathmatch,distinct_end_types,1,1,1,1,5,1
cwe.mpmissions.deathmatch,empty_kind_objects,58,72,82.400,86,5,73
cwe.mpmissions.deathmatch,empty_kind_vehicles,0,2,7,7,5,3.200
cwe.mpmissions.deathmatch,empty_named,0,1,16.400,18,5,6.800
cwe.mpmissions.deathmatch,empty_vehicles,65,74,85.200,86,5,76.200
cwe.mpmissions.deathmatch,empty_with_init,7,8,8.600,9,5,8
cwe.mpmissions.deathmatch,enemy_to_friendly_ratio,0,0,0,0,5,0
cwe.mpmissions.deathmatch,enemy_units,0,0,0,0,5,0
cwe.mpmissions.deathmatch,files,9,12,18,18,5,13.800
cwe.mpmissions.deathmatch,folder_kb,19.361,106.835,144.544,145.830,5,104.224
cwe.mpmissions.deathmatch,friendly_units,8,8,10.400,12,5,8.800
cwe.mpmissions.deathmatch,fx_camera,0,0,0,0,5,0
cwe.mpmissions.deathmatch,fx_music,0,0,0,0,5,0
cwe.mpmissions.deathmatch,fx_sound_or_voice,0,2,2,2,5,1.600
cwe.mpmissions.deathmatch,fx_title,0,0,0.600,1,5,0.200
cwe.mpmissions.deathmatch,groups,8,9,11.400,13,5,9.600
cwe.mpmissions.deathmatch,groups_over_12,0,0,0,0,5,0
cwe.mpmissions.deathmatch,has_any_cutscene_section,0,0,0,0,5,0
cwe.mpmissions.deathmatch,has_briefing,1,1,1,1,5,1
cwe.mpmissions.deathmatch,has_description_ext,1,1,1,1,5,1
cwe.mpmissions.deathmatch,has_end_trigger,1,1,1,1,5,1
cwe.mpmissions.deathmatch,has_intro,0,0,0,0,5,0
cwe.mpmissions.deathmatch,has_lose_trigger,0,0,0,0,5,0
cwe.mpmissions.deathmatch,has_outroloose,0,0,0,0,5,0
cwe.mpmissions.deathmatch,has_outrowin,0,0,0,0,5,0
cwe.mpmissions.deathmatch,has_overview,0,0,1,1,5,0.400
cwe.mpmissions.deathmatch,has_script_exit,0,0,0,0,5,0
cwe.mpmissions.deathmatch,has_script_init,1,1,1,1,5,1
cwe.mpmissions.deathmatch,has_script_intro,0,0,0,0,5,0
cwe.mpmissions.deathmatch,has_script_intro_any,0,0,0,0,5,0
cwe.mpmissions.deathmatch,has_script_outro,0,1,1,1,5,0.800
cwe.mpmissions.deathmatch,has_script_outro2,0,0,0,0,5,0
cwe.mpmissions.deathmatch,has_script_outro_any,0,1,1,1,5,0.800
cwe.mpmissions.deathmatch,has_stringtable,1,1,1,1,5,1
cwe.mpmissions.deathmatch,image_files,0,0,1,1,5,0.400
cwe.mpmissions.deathmatch,is_dawn_dusk_start,0,0,0,0,5,0
cwe.mpmissions.deathmatch,is_night_start,0,0,0,0,5,0
cwe.mpmissions.deathmatch,lip_files,0,0,0,0,5,0
cwe.mpmissions.deathmatch,markers,2,27,38.600,39,5,26.600
cwe.mpmissions.deathmatch,markers_area,1,1,1,1,5,1
cwe.mpmissions.deathmatch,markers_hidden_empty,0,0,0.600,1,5,0.200
cwe.mpmissions.deathmatch,markers_icon,1,26,37.600,38,5,25.600
cwe.mpmissions.deathmatch,markers_with_text,0,0,0,0,5,0
cwe.mpmissions.deathmatch,objects_total,121,176,198.800,204,5,172.600
cwe.mpmissions.deathmatch,overview_has_image,1,1,1,1,2,1
cwe.mpmissions.deathmatch,overview_words,31,31,31,31,2,31
cwe.mpmissions.deathmatch,playable_units,8,8,10.800,12,5,9
cwe.mpmissions.deathmatch,player_route_m,78.151,375.854,510.228,573.773,5,320.733
cwe.mpmissions.deathmatch,player_units,1,1,1,1,5,1
cwe.mpmissions.deathmatch,script_camcreate_calls,0,1,1,1,5,0.800
cwe.mpmissions.deathmatch,script_endmission_calls,0,0,0,0,5,0
cwe.mpmissions.deathmatch,script_files,1,2,2,2,5,1.800
cwe.mpmissions.deathmatch,script_lines,2,21,28.200,29,5,19.800
cwe.mpmissions.deathmatch,script_objstatus_calls,0,0,0,0,5,0
cwe.mpmissions.deathmatch,share_groups_no_wp,0,0,0.111,0.111,5,0.044
cwe.mpmissions.deathmatch,share_groups_patrol_cycle,0.889,0.889,0.969,1,5,0.918
cwe.mpmissions.deathmatch,share_groups_single_unit,1,1,1,1,5,1
cwe.mpmissions.deathmatch,share_units_cargo,0,0,0,0,5,0
cwe.mpmissions.deathmatch,share_units_fly,0,0,0,0,5,0
cwe.mpmissions.deathmatch,share_units_init_exec,0,0,0,0,5,0
cwe.mpmissions.deathmatch,share_units_named,0.889,1,1,1,5,0.956
cwe.mpmissions.deathmatch,share_units_none_special,0,0,0,0,5,0
cwe.mpmissions.deathmatch,share_units_with_init,0.889,0.889,0.969,1,5,0.918
cwe.mpmissions.deathmatch,share_wp_attached,0,0,0,0,5,0
cwe.mpmissions.deathmatch,share_wp_cond,0,0.200,0.200,0.200,5,0.160
cwe.mpmissions.deathmatch,share_wp_description,0,0,0,0,5,0
cwe.mpmissions.deathmatch,share_wp_effects,0,0,0,0,5,0
cwe.mpmissions.deathmatch,share_wp_onact,0,0.200,0.200,0.200,5,0.160
cwe.mpmissions.deathmatch,share_wp_script,0,0,0,0,5,0
cwe.mpmissions.deathmatch,share_wp_showwp_never,1,1,1,1,5,1
cwe.mpmissions.deathmatch,share_wp_synced,0,0.400,0.400,0.400,5,0.320
cwe.mpmissions.deathmatch,share_wp_timeout,0,0,0,0,5,0
cwe.mpmissions.deathmatch,sides_present,1,1,2,2,5,1.400
cwe.mpmissions.deathmatch,sound_files,0,2,2,2,5,1.600
cwe.mpmissions.deathmatch,sqm_text_kb,29.459,42.777,46.723,47.724,5,41.576
cwe.mpmissions.deathmatch,start_fog,0,0,0,0,5,0
cwe.mpmissions.deathmatch,start_hour,7,7,7,7,5,7
cwe.mpmissions.deathmatch,start_overcast,0.500,0.500,0.500,0.500,5,0.500
cwe.mpmissions.deathmatch,stringtable_en_words,42,57,69.600,78,5,58.200
cwe.mpmissions.deathmatch,stringtable_keys,19,23,27.800,31,5,23.800
cwe.mpmissions.deathmatch,stringtable_languages,6,6,6,6,5,6
cwe.mpmissions.deathmatch,sync_dangling,0,0,0,0,5,0
cwe.mpmissions.deathmatch,sync_ids,0,16,20.800,24,5,14.400
cwe.mpmissions.deathmatch,sync_wp_trig,0,16,20.800,24,5,14.400
cwe.mpmissions.deathmatch,sync_wp_wp,0,0,0,0,5,0
cwe.mpmissions.deathmatch,trig_area,2,3,3,3,5,2.800
cwe.mpmissions.deathmatch,trig_area_radius_m_median,106.336,393.254,636.600,781,5,396.118
cwe.mpmissions.deathmatch,trig_attached_object,0,0,0,0,5,0
cwe.mpmissions.deathmatch,trig_cond_true,1,1,1,1,5,1
cwe.mpmissions.deathmatch,trig_condition_only,11,15,21.800,25,5,16.600
cwe.mpmissions.deathmatch,trig_countdown_mode,0,0,0,0,5,0
cwe.mpmissions.deathmatch,trig_custom_cond,12,16,22.800,26,5,17.600
cwe.mpmissions.deathmatch,trig_effects,1,2,2,2,5,1.800
cwe.mpmissions.deathmatch,trig_end,1,1,1,1,5,1
cwe.mpmissions.deathmatch,trig_group_attached,0,0,0,0,5,0
cwe.mpmissions.deathmatch,trig_guarded,0,0,0,0,5,0
cwe.mpmissions.deathmatch,trig_lose,0,0,0,0,5,0
cwe.mpmissions.deathmatch,trig_named,2,3,3,3,5,2.800
cwe.mpmissions.deathmatch,trig_onact,11,16,18,18,5,15.800
cwe.mpmissions.deathmatch,trig_ondeact,0,0,4.800,8,5,1.600
cwe.mpmissions.deathmatch,trig_radio,0,0,0,0,5,0
cwe.mpmissions.deathmatch,trig_rect,0,0,0,0,5,0
cwe.mpmissions.deathmatch,trig_repeating,2,6,12.800,16,5,7.600
cwe.mpmissions.deathmatch,trig_switch,0,2,2,2,5,1.600
cwe.mpmissions.deathmatch,trig_synced,0,2,2,2,5,1.600
cwe.mpmissions.deathmatch,trig_text,13,18,20,20,5,17.800
cwe.mpmissions.deathmatch,trig_timeout_mode,1,4,10.800,14,5,5.800
cwe.mpmissions.deathmatch,trig_timer,1,4,10.800,14,5,5.800
cwe.mpmissions.deathmatch,triggers,13,18,24.800,28,5,19.400
cwe.mpmissions.deathmatch,units,8,9,11.400,13,5,9.600
cwe.mpmissions.deathmatch,units_alt_start_markers,0,0,0,0,5,0
cwe.mpmissions.deathmatch,units_damaged_or_low,0,0,0,0,5,0
cwe.mpmissions.deathmatch,units_kind_air,0,0,0,0,5,0
cwe.mpmissions.deathmatch,units_kind_armored,0,0,0,0,5,0
cwe.mpmissions.deathmatch,units_kind_car,0,0,0,0,5,0
cwe.mpmissions.deathmatch,units_kind_men,8,9,10.800,12,5,9.200
cwe.mpmissions.deathmatch,units_kind_ship,0,0,0,0,5,0
cwe.mpmissions.deathmatch,units_kind_static,0,0,0,0,5,0
cwe.mpmissions.deathmatch,units_kind_support,0,0,0,0,5,0
cwe.mpmissions.deathmatch,units_kind_unknown,0,0,0,0,5,0
cwe.mpmissions.deathmatch,units_per_group_max,1,1,1,1,5,1
cwe.mpmissions.deathmatch,units_per_group_median,1,1,1,1,5,1
cwe.mpmissions.deathmatch,units_placement_radius,0,8,10.400,12,5,7.200
cwe.mpmissions.deathmatch,units_presence_cond,0,0,0,0,5,0
cwe.mpmissions.deathmatch,units_presence_lt1,0,0,0,0,5,0
cwe.mpmissions.deathmatch,waypoints,24,40,52,60,5,40.800
cwe.mpmissions.deathmatch,wp_and,0,0,0,0,5,0
cwe.mpmissions.deathmatch,wp_cycle,8,8,10.400,12,5,8.800
cwe.mpmissions.deathmatch,wp_destroy,0,0,0,0,5,0
cwe.mpmissions.deathmatch,wp_getin,0,0,0,0,5,0
cwe.mpmissions.deathmatch,wp_getout,0,0,0,0,5,0
cwe.mpmissions.deathmatch,wp_guard,0,0,0,0,5,0
cwe.mpmissions.deathmatch,wp_hold,0,16,20.800,24,5,14.400
cwe.mpmissions.deathmatch,wp_join,0,0,0,0,5,0
cwe.mpmissions.deathmatch,wp_leader,0,0,0,0,5,0
cwe.mpmissions.deathmatch,wp_leg_m_median,21.875,27.702,43.695,53.966,5,31.264
cwe.mpmissions.deathmatch,wp_load,0,0,0,0,5,0
cwe.mpmissions.deathmatch,wp_move,0,16,20.800,24,5,14.400
cwe.mpmissions.deathmatch,wp_or,0,0,0,0,5,0
cwe.mpmissions.deathmatch,wp_sad,0,0,9.600,16,5,3.200
cwe.mpmissions.deathmatch,wp_scripted,0,0,0,0,5,0
cwe.mpmissions.deathmatch,wp_sentry,0,0,0,0,5,0
cwe.mpmissions.deathmatch,wp_support,0,0,0,0,5,0
cwe.mpmissions.deathmatch,wp_talk,0,0,0,0,5,0
cwe.mpmissions.deathmatch,wp_tr_unload,0,0,0,0,5,0
cwe.mpmissions.deathmatch,wp_unload,0,0,0,0,5,0
cwe.mpmissions.deathmatch,wps_per_group_mean,3,4.444,4.547,4.615,5,4.190
cwe.mpmissions.team,addons_required,0,2,5.200,9,15,2.067
cwe.mpmissions.team,any_placement_radius,0,0,1,1,15,0.267
cwe.mpmissions.team,any_presence_condition,0,0,0,0,15,0
cwe.mpmissions.team,any_presence_random,0,0,0,1,15,0.067
cwe.mpmissions.team,ao_extent_m,153.823,1805.775,5140.728,5355.959,15,2447.428
cwe.mpmissions.team,briefing_debrief_sections,1,6,6,6,15,5.667
cwe.mpmissions.team,briefing_has_plan,1,1,1,1,15,1
cwe.mpmissions.team,briefing_images,0,0,0,0,15,0
cwe.mpmissions.team,briefing_languages,1,5,6,6,15,5.067
cwe.mpmissions.team,briefing_marker_links,3,7,14,22,15,8.667
cwe.mpmissions.team,briefing_objectives,0,2,4,4,15,1.733
cwe.mpmissions.team,briefing_side_variants,0,0,4.400,6,15,1.200
cwe.mpmissions.team,briefing_words_debriefing,3,13,27.800,33,15,16.933
cwe.mpmissions.team,briefing_words_main,14,119,160,182,15,97.533
cwe.mpmissions.team,briefing_words_notes_plan,47,130,275.600,368,15,150.600
cwe.mpmissions.team,briefing_words_objectives,0,10,29.600,32,15,13
cwe.mpmissions.team,briefing_words_plan,0,22,141.600,220,15,53.067
cwe.mpmissions.team,briefing_words_total,93,159,308.200,383,15,186.400
cwe.mpmissions.team,civ_units,0,0,1,5,15,0.733
cwe.mpmissions.team,desc_cfgidentities_entries,0,0,0,0,15,0
cwe.mpmissions.team,desc_cfgmusic_entries,0,0,0,0,15,0
cwe.mpmissions.team,desc_cfgradio_entries,0,0,3.600,6,15,0.800
cwe.mpmissions.team,desc_cfgsounds_entries,0,2,4,11,15,2.533
cwe.mpmissions.team,desc_has_gear_pool,0,0,0,0,15,0
cwe.mpmissions.team,desc_has_identities,0,0,0,0,15,0
cwe.mpmissions.team,desc_has_params,0,1,1,1,15,0.867
cwe.mpmissions.team,desc_has_respawn,0,1,1,1,15,0.867
cwe.mpmissions.team,desc_magazines_entries,0,0,0,0,15,0
cwe.mpmissions.team,desc_rsctitles_entries,0,0,0,0,15,0
cwe.mpmissions.team,desc_top_classes,0,1,2.800,4,15,1.200
cwe.mpmissions.team,desc_top_keys,4,11,12,12,15,9.800
cwe.mpmissions.team,desc_weapons_entries,0,0,0,0,15,0
cwe.mpmissions.team,distinct_end_types,1,1,2.600,3,15,1.333
cwe.mpmissions.team,empty_kind_objects,9,96,173.400,300,15,97.800
cwe.mpmissions.team,empty_kind_vehicles,0,8,39.600,79,15,15.867
cwe.mpmissions.team,empty_named,0,2,7.800,21,15,4.133
cwe.mpmissions.team,empty_vehicles,12,112,184,304,15,113.667
cwe.mpmissions.team,empty_with_init,0,8,17.600,25,15,9.467
cwe.mpmissions.team,enemy_to_friendly_ratio,0.500,1,7.120,11.200,15,2.298
cwe.mpmissions.team,enemy_units,4,5,36.800,56,15,11.733
cwe.mpmissions.team,files,9,16,25.600,40,15,18.467
cwe.mpmissions.team,folder_kb,20.877,189.533,482.315,763.285,15,228.999
cwe.mpmissions.team,friendly_units,4,5,6.600,16,15,5.667
cwe.mpmissions.team,fx_camera,0,0,0,0,15,0
cwe.mpmissions.team,fx_music,0,0,0,0,15,0
cwe.mpmissions.team,fx_sound_or_voice,0,4,4,9,15,2.600
cwe.mpmissions.team,fx_title,0,0,0.600,3,15,0.267
cwe.mpmissions.team,groups,2,3,12.200,15,15,5.200
cwe.mpmissions.team,groups_over_12,0,0,0,0,15,0
cwe.mpmissions.team,has_any_cutscene_section,0,0,0,0,15,0
cwe.mpmissions.team,has_briefing,1,1,1,1,15,1
cwe.mpmissions.team,has_description_ext,1,1,1,1,15,1
cwe.mpmissions.team,has_end_trigger,1,1,1,1,15,1
cwe.mpmissions.team,has_intro,0,0,0,0,15,0
cwe.mpmissions.team,has_lose_trigger,0,0,0,0,15,0
cwe.mpmissions.team,has_outroloose,0,0,0,0,15,0
cwe.mpmissions.team,has_outrowin,0,0,0,0,15,0
cwe.mpmissions.team,has_overview,0,0,1,1,15,0.200
cwe.mpmissions.team,has_script_exit,0,0,0,0,15,0
cwe.mpmissions.team,has_script_init,0,1,1,1,15,0.800
cwe.mpmissions.team,has_script_intro,0,0,0,1,15,0.067
cwe.mpmissions.team,has_script_intro_any,0,0,0,1,15,0.067
cwe.mpmissions.team,has_script_outro,0,1,1,1,15,0.800
cwe.mpmissions.team,has_script_outro2,0,0,0,1,15,0.067
cwe.mpmissions.team,has_script_outro_any,0,1,1,1,15,0.800
cwe.mpmissions.team,has_stringtable,1,1,1,1,15,1
cwe.mpmissions.team,image_files,0,0,1,2,15,0.400
cwe.mpmissions.team,is_dawn_dusk_start,0,0,0,1,15,0.067
cwe.mpmissions.team,is_night_start,0,0,0,0,15,0
cwe.mpmissions.team,lip_files,0,0,0,0,15,0
cwe.mpmissions.team,markers,5,14,60,61,15,23
cwe.mpmissions.team,markers_area,0,3,11.800,27,15,5.200
cwe.mpmissions.team,markers_hidden_empty,0,0,7.200,9,15,1.867
cwe.mpmissions.team,markers_icon,2,7,57.600,58,15,17.800
cwe.mpmissions.team,markers_with_text,0,0,6.200,9,15,1.933
cwe.mpmissions.team,objects_total,76,177,288.600,404,15,199.133
cwe.mpmissions.team,overview_has_image,1,1,1,1,3,1
cwe.mpmissions.team,overview_words,13,13,28.200,32,3,19.333
cwe.mpmissions.team,playable_units,3,8,12,12,15,8.667
cwe.mpmissions.team,player_route_m,216.352,1090.072,1794.657,2513.161,12,1060.829
cwe.mpmissions.team,player_units,0,1,1,1,15,0.867
cwe.mpmissions.team,script_camcreate_calls,0,1,2.200,11,15,1.600
cwe.mpmissions.team,script_endmission_calls,0,0,0,0,15,0
cwe.mpmissions.team,script_files,1,2,12,20,15,5.533
cwe.mpmissions.team,script_lines,5,81,303,980,15,145.800
cwe.mpmissions.team,script_objstatus_calls,0,0,0,0,15,0
cwe.mpmissions.team,share_groups_no_wp,0,0.250,0.333,0.500,15,0.196
cwe.mpmissions.team,share_groups_patrol_cycle,0,0.500,0.867,1,15,0.432
cwe.mpmissions.team,share_groups_single_unit,0,0.333,0.575,0.750,15,0.347
cwe.mpmissions.team,share_units_cargo,0,0,0,0,15,0
cwe.mpmissions.team,share_units_fly,0,0,0,0,15,0
cwe.mpmissions.team,share_units_init_exec,0,0,0,0,15,0
cwe.mpmissions.team,share_units_named,0,1,1,1,15,0.751
cwe.mpmissions.team,share_units_none_special,0,0,0.554,0.923,15,0.132
cwe.mpmissions.team,share_units_with_init,0,0.049,0.260,0.444,15,0.114
cwe.mpmissions.team,share_wp_attached,0,0,0.067,0.133,15,0.016
cwe.mpmissions.team,share_wp_cond,0,0,0.200,0.200,15,0.067
cwe.mpmissions.team,share_wp_description,0,0,0.025,0.042,15,0.006
cwe.mpmissions.team,share_wp_effects,0,0,0,0.111,15,0.007
cwe.mpmissions.team,share_wp_onact,0,0,0.200,0.200,15,0.064
cwe.mpmissions.team,share_wp_script,0,0,0,0,15,0
cwe.mpmissions.team,share_wp_showwp_never,1,1,1,1,15,1
cwe.mpmissions.team,share_wp_synced,0,0.400,0.700,0.833,15,0.313
cwe.mpmissions.team,share_wp_timeout,0,0,0.205,0.208,15,0.060
cwe.mpmissions.team,sides_present,2,2,3,3,15,2.467
cwe.mpmissions.team,sound_files,0,4,6,11,15,3.333
cwe.mpmissions.team,sqm_text_kb,19.722,38.787,69.660,97.554,15,48.908
cwe.mpmissions.team,start_fog,0,0,0,0,15,0
cwe.mpmissions.team,start_hour,6,7,11,15,15,8
cwe.mpmissions.team,start_overcast,0.206,0.500,0.500,0.500,15,0.461
cwe.mpmissions.team,stringtable_en_words,59,86,139,149,15,98.133
cwe.mpmissions.team,stringtable_keys,16,27,32,39,15,26.533
cwe.mpmissions.team,stringtable_languages,6,6,6,7,15,6.067
cwe.mpmissions.team,sync_dangling,0,0,0,0,15,0
cwe.mpmissions.team,sync_ids,0,4,9.200,10,15,4.133
cwe.mpmissions.team,sync_wp_trig,0,4,9.200,10,15,4.133
cwe.mpmissions.team,sync_wp_wp,0,0,0,0,15,0
cwe.mpmissions.team,trig_area,2,5,9.200,10,15,4.733
cwe.mpmissions.team,trig_area_radius_m_median,6,50,1811,2915,15,536.267
cwe.mpmissions.team,trig_attached_object,0,0,0,0,15,0
cwe.mpmissions.team,trig_cond_true,1,1,1.600,5,15,1.333
cwe.mpmissions.team,trig_condition_only,3,17,50.800,65,15,24.667
cwe.mpmissions.team,trig_countdown_mode,0,0,2,2,15,0.467
cwe.mpmissions.team,trig_custom_cond,6,17,52.600,71,15,26.333
cwe.mpmissions.team,trig_effects,0,4,4.600,9,15,2.800
cwe.mpmissions.team,trig_end,1,1,2.600,3,15,1.333
cwe.mpmissions.team,trig_group_attached,0,0,0,0,15,0
cwe.mpmissions.team,trig_guarded,0,0,0,0,15,0
cwe.mpmissions.team,trig_lose,0,0,0,0,15,0
cwe.mpmissions.team,trig_named,0,2,3.200,8,15,1.867
cwe.mpmissions.team,trig_onact,8,18,52.600,56,15,25.867
cwe.mpmissions.team,trig_ondeact,0,0,7.600,34,15,3.467
cwe.mpmissions.team,trig_radio,0,1,1,1,15,0.600
cwe.mpmissions.team,trig_rect,0,0,2,4,15,0.600
cwe.mpmissions.team,trig_repeating,2,9,43.800,66,15,18.933
cwe.mpmissions.team,trig_switch,0,4,8.400,10,15,4.133
cwe.mpmissions.team,trig_synced,0,4,8.400,10,15,3.467
cwe.mpmissions.team,trig_text,9,20,52.200,57,15,28.267
cwe.mpmissions.team,trig_timeout_mode,0,4,23.400,34,15,8.600
cwe.mpmissions.team,trig_timer,2,4,23.400,36,15,9.067
cwe.mpmissions.team,triggers,9,20,55.400,75,15,30
cwe.mpmissions.team,units,9,12,46.200,61,15,18.467
cwe.mpmissions.team,units_alt_start_markers,0,0,0,0,15,0
cwe.mpmissions.team,units_damaged_or_low,0,0,0.600,1,15,0.133
cwe.mpmissions.team,units_kind_air,0,0,0,0,15,0
cwe.mpmissions.team,units_kind_armored,0,0,6.600,11,15,1.467
cwe.mpmissions.team,units_kind_car,0,0,0,1,15,0.067
cwe.mpmissions.team,units_kind_men,8,11,38.400,48,15,16.333
cwe.mpmissions.team,units_kind_ship,0,0,0,0,15,0
cwe.mpmissions.team,units_kind_static,0,0,0,0,15,0
cwe.mpmissions.team,units_kind_support,0,0,1.200,2,15,0.267
cwe.mpmissions.team,units_kind_unknown,0,0,0,0,15,0
cwe.mpmissions.team,units_per_group_max,4,5,8.600,9,15,5.667
cwe.mpmissions.team,units_per_group_median,1,4,5.600,6,15,3.833
cwe.mpmissions.team,units_placement_radius,0,0,0,0,15,0
cwe.mpmissions.team,units_presence_cond,0,0,0,0,15,0
cwe.mpmissions.team,units_presence_lt1,0,0,0,1,15,0.067
cwe.mpmissions.team,waypoints,2,10,34.800,48,15,14
cwe.mpmissions.team,wp_and,0,0,0,0,15,0
cwe.mpmissions.team,wp_cycle,0,2,2,3,15,1.533
cwe.mpmissions.team,wp_destroy,0,0,0,0,15,0
cwe.mpmissions.team,wp_getin,0,0,0,1,15,0.067
cwe.mpmissions.team,wp_getout,0,0,0,1,15,0.067
cwe.mpmissions.team,wp_guard,0,0,0.600,1,15,0.133
cwe.mpmissions.team,wp_hold,0,4,5.600,6,15,3.200
cwe.mpmissions.team,wp_join,0,0,0,0,15,0
cwe.mpmissions.team,wp_leader,0,0,0,0,15,0
cwe.mpmissions.team,wp_leg_m_median,0.587,268.582,436.480,485.845,15,243.505
cwe.mpmissions.team,wp_load,0,0,0,0,15,0
cwe.mpmissions.team,wp_move,0,4,23.800,33,15,8
cwe.mpmissions.team,wp_or,0,0,0,0,15,0
cwe.mpmissions.team,wp_sad,0,0,4.200,7,15,0.933
cwe.mpmissions.team,wp_scripted,0,0,0,0,15,0
cwe.mpmissions.team,wp_sentry,0,0,0,0,15,0
cwe.mpmissions.team,wp_support,0,0,0,0,15,0
cwe.mpmissions.team,wp_talk,0,0,0,0,15,0
cwe.mpmissions.team,wp_tr_unload,0,0,0,0,15,0
cwe.mpmissions.team,wp_unload,0,0,0,1,15,0.067
cwe.mpmissions.team,wps_per_group_mean,0.667,3.200,4.600,5,15,2.782
cwe.single(all),addons_required,0,1,3,3,8,1.500
cwe.single(all),any_placement_radius,0,0,1,1,8,0.250
cwe.single(all),any_presence_condition,0,0,0,0,8,0
cwe.single(all),any_presence_random,0,0,1,1,8,0.250
cwe.single(all),ao_extent_m,937.944,2602.055,6456.198,7171.911,8,3279.463
cwe.single(all),briefing_debrief_sections,2,2,6,6,8,3.500
cwe.single(all),briefing_has_plan,1,1,1,1,8,1
cwe.single(all),briefing_images,0,0,0,0,8,0
cwe.single(all),briefing_languages,1,1,5,5,8,2.500
cwe.single(all),briefing_marker_links,1,4.500,7.200,10,8,4.250
cwe.single(all),briefing_objectives,1,2,3.300,4,8,2.250
cwe.single(all),briefing_side_variants,0,0,0,0,8,0
cwe.single(all),briefing_words_debriefing,12,22.500,49.100,61,8,28.375
cwe.single(all),briefing_words_main,23,45.500,70,77,8,46.750
cwe.single(all),briefing_words_notes_plan,42,78.500,119.600,142,8,83.875
cwe.single(all),briefing_words_objectives,7,17,32.100,44,8,19.125
cwe.single(all),briefing_words_plan,0,35,65,93,8,37.125
cwe.single(all),briefing_words_total,67,154,380.800,511,8,197.125
cwe.single(all),civ_units,0,0,0,0,8,0
cwe.single(all),desc_cfgidentities_entries,0,0,1.800,6,8,0.750
cwe.single(all),desc_cfgmusic_entries,0,0,1.800,6,8,0.750
cwe.single(all),desc_cfgradio_entries,0,0,7.800,12,8,2.625
cwe.single(all),desc_cfgsounds_entries,0,0,13.500,31,8,4.625
cwe.single(all),desc_has_gear_pool,0,0,0.300,1,8,0.125
cwe.single(all),desc_has_identities,0,0,0.300,1,8,0.125
cwe.single(all),desc_has_params,0,0,0,0,8,0
cwe.single(all),desc_has_respawn,0,0,0,0,8,0
cwe.single(all),desc_magazines_entries,0,0,1.500,5,8,0.625
cwe.single(all),desc_rsctitles_entries,0,0,0,0,8,0
cwe.single(all),desc_top_classes,0,0,6,6,8,1.875
cwe.single(all),desc_top_keys,1,4.500,5.600,7,8,4.375
cwe.single(all),desc_weapons_entries,0,0,0.900,3,8,0.375
cwe.single(all),distinct_end_types,1,2,5,5,8,2.625
cwe.single(all),empty_kind_objects,0,8.500,30.700,37,8,13.375
cwe.single(all),empty_kind_vehicles,0,3.500,4.600,6,8,3
cwe.single(all),empty_named,0,0.500,1.600,3,8,0.750
cwe.single(all),empty_vehicles,0,12,45.500,77,8,21.375
cwe.single(all),empty_with_init,0,0,2.600,4,8,0.750
cwe.single(all),enemy_to_friendly_ratio,0.543,0.964,2.179,3,8,1.343
cwe.single(all),enemy_units,8,55,142.200,201,8,72.500
cwe.single(all),files,5,10.500,53.100,100,8,24.250
cwe.single(all),folder_kb,64.296,137.474,2778.967,7963.840,8,1175.681
cwe.single(all),friendly_units,5,55.500,164.200,209,8,72.250
cwe.single(all),fx_camera,0,0,0,0,8,0
cwe.single(all),fx_music,0,1,2.300,3,8,1
cwe.single(all),fx_sound_or_voice,0,0,0,0,8,0
cwe.single(all),fx_title,0,0,3.600,5,8,1.125
cwe.single(all),groups,7,31,59.300,88,8,35.500
cwe.single(all),groups_over_12,0,0,0,0,8,0
cwe.single(all),has_any_cutscene_section,0,0,1,1,8,0.375
cwe.single(all),has_briefing,1,1,1,1,8,1
cwe.single(all),has_description_ext,1,1,1,1,8,1
cwe.single(all),has_end_trigger,1,1,1,1,8,1
cwe.single(all),has_intro,0,0,1,1,8,0.375
cwe.single(all),has_lose_trigger,0,0,0,0,8,0
cwe.single(all),has_outroloose,0,0,0,0,8,0
cwe.single(all),has_outrowin,0,0,0,0,8,0
cwe.single(all),has_overview,1,1,1,1,8,1
cwe.single(all),has_script_exit,0,0,0,0,8,0
cwe.single(all),has_script_init,1,1,1,1,8,1
cwe.single(all),has_script_intro,0,0,0.300,1,8,0.125
cwe.single(all),has_script_intro_any,0,0,0.300,1,8,0.125
cwe.single(all),has_script_outro,0,0,1,1,8,0.375
cwe.single(all),has_script_outro2,0,0,0.300,1,8,0.125
cwe.single(all),has_script_outro_any,0,0,1,1,8,0.375
cwe.single(all),has_stringtable,0,0,1,1,8,0.375
cwe.single(all),image_files,0,1,1,1,8,0.750
cwe.single(all),intro_triggers,1,2,11.600,14,3,5.667
cwe.single(all),intro_units,25,35,55,60,3,40
cwe.single(all),intro_waypoints,3,16,27.200,30,3,16.333
cwe.single(all),is_dawn_dusk_start,0,1,1,1,8,0.750
cwe.single(all),is_night_start,0,0,0,0,8,0
cwe.single(all),lip_files,0,0,13.500,31,8,4.625
cwe.single(all),markers,3,7,24.300,32,8,12.125
cwe.single(all),markers_area,1,1,4.500,8,8,2.250
cwe.single(all),markers_hidden_empty,0,0,5,5,8,1.250
cwe.single(all),markers_icon,2,5,20.500,24,8,9.875
cwe.single(all),markers_with_text,0,0.500,6.500,10,8,2.250
cwe.single(all),objects_total,88,198.500,497.900,682,8,280.125
cwe.single(all),overview_has_image,0,1,1,1,8,0.750
cwe.single(all),overview_words,10,22,30.200,33,8,21.250
cwe.single(all),playable_units,1,1,1,1,8,1
cwe.single(all),player_route_m,31.007,2118.935,5089.146,5855.922,7,2361.766
cwe.single(all),player_units,1,1,1,1,8,1
cwe.single(all),script_camcreate_calls,0,1.500,3,3,8,1.625
cwe.single(all),script_endmission_calls,0,0,0,0,8,0
cwe.single(all),script_files,1,3.500,6.300,7,8,3.500
cwe.single(all),script_lines,20,75.500,155.600,276,8,86
cwe.single(all),script_objstatus_calls,0,0,2.900,5,8,1
cwe.single(all),share_groups_no_wp,0.067,0.159,0.375,0.375,8,0.203
cwe.single(all),share_groups_patrol_cycle,0,0,0.251,0.429,8,0.075
cwe.single(all),share_groups_single_unit,0.128,0.384,0.625,0.750,8,0.398
cwe.single(all),share_units_cargo,0,0.039,0.368,0.384,8,0.130
cwe.single(all),share_units_fly,0,0.014,0.039,0.050,8,0.017
cwe.single(all),share_units_init_exec,0,0,0.011,0.024,8,0.004
cwe.single(all),share_units_named,0.002,0.061,0.544,0.647,8,0.186
cwe.single(all),share_units_none_special,0,0.061,0.184,0.295,8,0.092
cwe.single(all),share_units_with_init,0,0.164,0.300,0.550,8,0.157
cwe.single(all),share_wp_attached,0,0.039,0.094,0.145,8,0.043
cwe.single(all),share_wp_cond,0,0,0.016,0.054,8,0.007
cwe.single(all),share_wp_description,0,0,0.071,0.100,8,0.020
cwe.single(all),share_wp_effects,0,0,0.004,0.012,8,0.001
cwe.single(all),share_wp_onact,0,0,0.057,0.192,8,0.024
cwe.single(all),share_wp_script,0,0,0,0,8,0
cwe.single(all),share_wp_showwp_never,1,1,1,1,8,1
cwe.single(all),share_wp_synced,0,0.155,0.301,0.305,8,0.149
cwe.single(all),share_wp_timeout,0,0,0.148,0.200,8,0.041
cwe.single(all),sides_present,2,2,2.300,3,8,2.125
cwe.single(all),sound_files,0,0,21,49,8,8
cwe.single(all),sqm_text_kb,20.624,53.827,131.808,144.094,8,71.752
cwe.single(all),start_fog,0,0.119,0.490,0.700,8,0.205
cwe.single(all),start_hour,5,5.500,9.200,12,8,6.500
cwe.single(all),start_overcast,0.162,0.650,0.800,0.800,8,0.556
cwe.single(all),stringtable_en_words,100,206,774.800,917,3,407.667
cwe.single(all),stringtable_keys,15,22,58,67,3,34.667
cwe.single(all),stringtable_languages,6,6,6,6,3,6
cwe.single(all),sync_dangling,0,0,0,0,8,0
cwe.single(all),sync_ids,0,5.500,41.600,43,8,13.750
cwe.single(all),sync_wp_trig,0,5.500,31.800,43,8,12
cwe.single(all),sync_wp_wp,0,0,4.200,14,8,1.750
cwe.single(all),trig_area,1,3.500,16.400,36,8,7.625
cwe.single(all),trig_area_radius_m_median,52,250,755,1350,8,378.375
cwe.single(all),trig_attached_object,0,0,13.900,30,8,5.125
cwe.single(all),trig_cond_true,0,1.500,9.100,21,8,3.875
cwe.single(all),trig_condition_only,0,4.500,46.500,78,8,16.750
cwe.single(all),trig_countdown_mode,0,0,4.800,9,8,1.625
cwe.single(all),trig_custom_cond,1,6,53.500,99,8,20.625
cwe.single(all),trig_effects,0,1,18.800,44,8,7.500
cwe.single(all),trig_end,1,2,5,5,8,2.625
cwe.single(all),trig_group_attached,0,0,0,0,8,0
cwe.single(all),trig_guarded,0,0,1,1,8,0.250
cwe.single(all),trig_lose,0,0,0,0,8,0
cwe.single(all),trig_named,0,0,0,0,8,0
cwe.single(all),trig_onact,1,6.500,38.400,65,8,15.375
cwe.single(all),trig_ondeact,0,0,2.500,6,8,0.875
cwe.single(all),trig_radio,0,0,0,0,8,0
cwe.single(all),trig_rect,0,0,7.200,10,8,2.375
cwe.single(all),trig_repeating,0,0,19.700,26,8,5.500
cwe.single(all),trig_switch,0,0.500,9.900,12,8,2.875
cwe.single(all),trig_synced,0,1.500,12.600,21,8,4.625
cwe.single(all),trig_text,0,0,62.900,114,8,21
cwe.single(all),trig_timeout_mode,0,0,15.900,18,8,4.500
cwe.single(all),trig_timer,0,0,20.700,27,8,6.125
cwe.single(all),triggers,1,8.500,62.900,114,8,24.375
cwe.single(all),units,17,120,311.600,418,8,149.625
cwe.single(all),units_alt_start_markers,0,0,2,2,8,0.500
cwe.single(all),units_damaged_or_low,0,0,0.900,3,8,0.375
cwe.single(all),units_kind_air,0,1,3.900,6,8,1.625
cwe.single(all),units_kind_armored,2,8,23.700,30,8,11
cwe.single(all),units_kind_car,0,0,7.300,8,8,2
cwe.single(all),units_kind_men,8,98.500,269.500,371,8,128.125
cwe.single(all),units_kind_ship,0,0,0,0,8,0
cwe.single(all),units_kind_static,0,0,0,0,8,0
cwe.single(all),units_kind_support,0,0,4.800,16,8,2
cwe.single(all),units_kind_unknown,0,0,0,0,8,0
cwe.single(all),units_per_group_max,2,12,12,12,8,9.625
cwe.single(all),units_per_group_median,1,2,7,7,8,3.250
cwe.single(all),units_placement_radius,0,0,2.300,3,8,0.625
cwe.single(all),units_presence_cond,0,0,0,0,8,0
cwe.single(all),units_presence_lt1,0,0,8.900,11,8,2.375
cwe.single(all),waypoints,20,55,150.900,167,8,72.625
cwe.single(all),wp_and,0,0,7.500,25,8,3.125
cwe.single(all),wp_cycle,0,0,4.200,7,8,1.250
cwe.single(all),wp_destroy,0,0,0.300,1,8,0.125
cwe.single(all),wp_getin,0,0.500,9.600,11,8,3.375
cwe.single(all),wp_getout,0,4,12.900,22,8,6
cwe.single(all),wp_guard,0,0,8.300,16,8,2.625
cwe.single(all),wp_hold,0,9,26.500,37,8,11.875
cwe.single(all),wp_join,0,0,0.300,1,8,0.125
cwe.single(all),wp_leader,0,0,0,0,8,0
cwe.single(all),wp_leg_m_median,47.001,229.265,480.250,586.730,8,242.038
cwe.single(all),wp_load,0,0,0.300,1,8,0.125
cwe.single(all),wp_move,8,24,89.800,94,8,38.125
cwe.single(all),wp_or,0,0,0,0,8,0
cwe.single(all),wp_sad,0,2,10.200,20,8,4.375
cwe.single(all),wp_scripted,0,0,0,0,8,0
cwe.single(all),wp_sentry,0,0,0,0,8,0
cwe.single(all),wp_support,0,0,0,0,8,0
cwe.single(all),wp_talk,0,0,0,0,8,0
cwe.single(all),wp_tr_unload,0,0,0.600,2,8,0.250
cwe.single(all),wp_unload,0,0,3.900,6,8,1.250
cwe.single(all),wps_per_group_mean,0.688,2.033,3.252,4.175,8,2.167
official.all-mp,addons_required,0,0.500,4.100,9,30,1.700
official.all-mp,any_placement_radius,0,0,1,1,30,0.400
official.all-mp,any_presence_condition,0,0,0,0,30,0
official.all-mp,any_presence_random,0,0,1,1,30,0.133
official.all-mp,ao_extent_m,3.300,2063.477,4521.080,5355.959,30,2280.131
official.all-mp,briefing_debrief_sections,1,6,6,6,30,5.700
official.all-mp,briefing_has_plan,1,1,1,1,30,1
official.all-mp,briefing_images,0,0,0,0,30,0
official.all-mp,briefing_languages,1,5,6,6,30,5
official.all-mp,briefing_marker_links,0,4.500,14,22,30,6.333
official.all-mp,briefing_objectives,0,2,4,5,30,1.800
official.all-mp,briefing_side_variants,0,0,2,6,30,0.600
official.all-mp,briefing_words_debriefing,3,15,33.800,73,30,20.667
official.all-mp,briefing_words_main,14,76,160,182,30,86.567
official.all-mp,briefing_words_notes_plan,26,116,178,368,30,128.133
official.all-mp,briefing_words_objectives,0,13.500,50.200,57,30,18.467
official.all-mp,briefing_words_plan,0,31.500,69.600,220,30,41.567
official.all-mp,briefing_words_total,58,158,265.800,383,30,174.233
official.all-mp,civ_units,0,0,1,8,30,0.767
official.all-mp,desc_cfgidentities_entries,0,0,0,0,29,0
official.all-mp,desc_cfgmusic_entries,0,0,0,0,29,0
official.all-mp,desc_cfgradio_entries,0,0,6.200,10,29,1.414
official.all-mp,desc_cfgsounds_entries,0,1,4,11,29,1.690
official.all-mp,desc_has_gear_pool,0,0,0.200,1,29,0.103
official.all-mp,desc_has_identities,0,0,0,0,29,0
official.all-mp,desc_has_params,0,1,1,1,29,0.655
official.all-mp,desc_has_respawn,0,1,1,1,29,0.828
official.all-mp,desc_magazines_entries,0,0,0.400,7,29,0.517
official.all-mp,desc_rsctitles_entries,0,0,0,0,29,0
official.all-mp,desc_top_classes,0,1,4.200,6,29,1.552
official.all-mp,desc_top_keys,0,11,12,12,29,7.897
official.all-mp,desc_weapons_entries,0,0,0.200,4,29,0.276
official.all-mp,distinct_end_types,0,1,3,5,30,1.367
official.all-mp,empty_kind_objects,1,71.500,126.300,300,30,69.633
official.all-mp,empty_kind_vehicles,0,7,22.200,79,30,11.267
official.all-mp,empty_named,0,2,9.500,21,30,3.467
official.all-mp,empty_vehicles,3,74,150.400,304,30,80.900
official.all-mp,empty_with_init,0,6.500,14,25,30,6.700
official.all-mp,enemy_to_friendly_ratio,0,1,10.233,15.500,30,3.132
official.all-mp,enemy_units,0,5.500,68.400,87,30,24.100
official.all-mp,files,8,15.500,24.300,40,30,16.567
official.all-mp,folder_kb,18.198,141.101,627.440,892.940,30,217.870
official.all-mp,friendly_units,4,6.500,13.300,25,30,7.933
official.all-mp,fx_camera,0,0,0,2,30,0.067
official.all-mp,fx_music,0,0,0,0,30,0
official.all-mp,fx_sound_or_voice,0,0.500,4,9,30,1.633
official.all-mp,fx_title,0,0,1.200,5,30,0.567
official.all-mp,groups,2,8.500,20.100,35,30,10.267
official.all-mp,groups_over_12,0,0,0,0,30,0
official.all-mp,has_any_cutscene_section,0,0,0,1,30,0.033
official.all-mp,has_briefing,1,1,1,1,30,1
official.all-mp,has_description_ext,0,1,1,1,30,0.967
official.all-mp,has_end_trigger,0,1,1,1,30,0.967
official.all-mp,has_intro,0,0,0,1,30,0.033
official.all-mp,has_lose_trigger,0,0,0,0,30,0
official.all-mp,has_outroloose,0,0,0,0,30,0
official.all-mp,has_outrowin,0,0,0,0,30,0
official.all-mp,has_overview,0,0,1,1,30,0.300
official.all-mp,has_script_exit,0,0,0,0,30,0
official.all-mp,has_script_init,0,1,1,1,30,0.733
official.all-mp,has_script_intro,0,0,0,1,30,0.067
official.all-mp,has_script_intro_any,0,0,0,1,30,0.067
official.all-mp,has_script_outro,0,1,1,1,30,0.667
official.all-mp,has_script_outro2,0,0,0,1,30,0.033
official.all-mp,has_script_outro_any,0,1,1,1,30,0.667
official.all-mp,has_stringtable,1,1,1,1,30,1
official.all-mp,image_files,0,0,1,2,30,0.400
official.all-mp,intro_triggers,1,1,1,1,1,1
official.all-mp,intro_units,42,42,42,42,1,42
official.all-mp,intro_waypoints,13,13,13,13,1,13
official.all-mp,is_dawn_dusk_start,0,0,1,1,30,0.133
official.all-mp,is_night_start,0,0,0,1,30,0.033
official.all-mp,lip_files,0,0,0,0,30,0
official.all-mp,markers,2,12.500,60,69,30,22.567
official.all-mp,markers_area,0,2.500,4,27,30,3.467
official.all-mp,markers_hidden_empty,0,0,6,9,30,1.433
official.all-mp,markers_icon,1,7,57.100,66,30,19.100
official.all-mp,markers_with_text,0,0,6,9,30,1.900
official.all-mp,objects_total,50,178.500,283.100,404,30,188.367
official.all-mp,overview_has_image,1,1,1,1,9,1
official.all-mp,overview_words,0,21,32.200,33,9,21.222
official.all-mp,playable_units,3,8,12,17,30,8.733
official.all-mp,player_route_m,78.151,1047.846,2062.688,2513.161,25,1059.048
official.all-mp,player_units,0,1,1,1,30,0.933
official.all-mp,script_camcreate_calls,0,1,1.100,11,30,1.100
official.all-mp,script_endmission_calls,0,0,0,0,30,0
official.all-mp,script_files,0,2,11.100,20,30,3.833
official.all-mp,script_lines,0,22,150.900,980,30,86.700
official.all-mp,script_objstatus_calls,0,0,0,1,30,0.033
official.all-mp,share_groups_no_wp,0,0.113,0.333,0.543,30,0.159
official.all-mp,share_groups_patrol_cycle,0,0.321,0.931,1,30,0.408
official.all-mp,share_groups_single_unit,0,0.333,1,1,30,0.457
official.all-mp,share_units_cargo,0,0,0.006,0.106,30,0.008
official.all-mp,share_units_fly,0,0,0,0,30,0
official.all-mp,share_units_init_exec,0,0,0,0,30,0
official.all-mp,share_units_named,0,0.889,1,1,30,0.588
official.all-mp,share_units_none_special,0,0,0.109,0.923,30,0.075
official.all-mp,share_units_with_init,0,0.113,0.889,1,30,0.254
official.all-mp,share_wp_attached,0,0,0.112,0.333,30,0.033
official.all-mp,share_wp_cond,0,0,0.200,0.217,30,0.071
official.all-mp,share_wp_description,0,0,0.042,1,30,0.039
official.all-mp,share_wp_effects,0,0,0,0.111,30,0.004
official.all-mp,share_wp_onact,0,0,0.200,0.200,30,0.065
official.all-mp,share_wp_script,0,0,0,0,30,0
official.all-mp,share_wp_showwp_never,0,1,1,1,30,0.967
official.all-mp,share_wp_synced,0,0.235,0.500,0.833,30,0.252
official.all-mp,share_wp_timeout,0,0,0.201,0.404,30,0.059
official.all-mp,sides_present,1,2,3,3,30,2.200
official.all-mp,sound_files,0,2,8,11,30,2.900
official.all-mp,sqm_text_kb,14.942,45.806,69.187,97.554,30,46.772
official.all-mp,start_fog,0,0,0,0.281,30,0.016
official.all-mp,start_hour,3,7,8.300,15,30,7.300
official.all-mp,start_overcast,0.056,0.500,0.509,0.749,30,0.483
official.all-mp,stringtable_en_words,7,80,144.500,211,30,88.567
official.all-mp,stringtable_keys,4,24,31.100,39,30,22.400
official.all-mp,stringtable_languages,6,6,7,7,30,6.133
official.all-mp,sync_dangling,0,0,0,0,30,0
official.all-mp,sync_ids,0,4,16,24,30,6.400
official.all-mp,sync_wp_trig,0,4,16,24,30,6.167
official.all-mp,sync_wp_wp,0,0,0,5,30,0.233
official.all-mp,trig_area,1,3.500,10,23,30,5.200
official.all-mp,trig_area_radius_m_median,6,265,1470.500,2915,30,449.986
official.all-mp,trig_attached_object,0,0,3.100,10,30,0.767
official.all-mp,trig_cond_true,0,1,2,12,30,1.533
official.all-mp,trig_condition_only,1,15,41.500,65,30,18.700
official.all-mp,trig_countdown_mode,0,0,2,21,30,1.367
official.all-mp,trig_custom_cond,2,16,45.400,71,30,20.600
official.all-mp,trig_effects,0,2,5.400,27,30,3.333
official.all-mp,trig_end,0,1,3,5,30,1.367
official.all-mp,trig_group_attached,0,0,0,0,30,0
official.all-mp,trig_guarded,0,0,0,0,30,0
official.all-mp,trig_lose,0,0,0,0,30,0
official.all-mp,trig_named,0,1.500,3,8,30,1.467
official.all-mp,trig_onact,2,16,42.100,56,30,19.600
official.all-mp,trig_ondeact,0,0,8.100,34,30,2.467
official.all-mp,trig_radio,0,0,1,1,30,0.367
official.all-mp,trig_rect,0,0,4,13,30,1.267
official.all-mp,trig_repeating,0,7.500,36.600,66,30,11.867
official.all-mp,trig_switch,0,2,6,10,30,2.767
official.all-mp,trig_synced,0,2,6.100,10,30,2.800
official.all-mp,trig_text,4,20,51.100,57,30,22.833
official.all-mp,trig_timeout_mode,0,4,14.700,34,30,6.800
official.all-mp,trig_timer,1,4.500,21.400,36,30,8.167
official.all-mp,triggers,4,20,52.100,75,30,24.267
official.all-mp,units,8,13,89.500,104,30,32.833
official.all-mp,units_alt_start_markers,0,0,0,1,30,0.033
official.all-mp,units_damaged_or_low,0,0,1,21,30,0.800
official.all-mp,units_kind_air,0,0,0,0,30,0
official.all-mp,units_kind_armored,0,0,10,11,30,2.667
official.all-mp,units_kind_car,0,0,2,3,30,0.367
official.all-mp,units_kind_men,8,12,80.300,93,30,29.267
official.all-mp,units_kind_ship,0,0,0,0,30,0
official.all-mp,units_kind_static,0,0,0,0,30,0
official.all-mp,units_kind_support,0,0,1,2,30,0.233
official.all-mp,units_kind_unknown,0,0,0,0,30,0
official.all-mp,units_per_group_max,1,6,9.100,10,30,5.633
official.all-mp,units_per_group_median,1,3.250,6,8,30,3.283
official.all-mp,units_placement_radius,0,0,8,12,30,1.533
official.all-mp,units_presence_cond,0,0,0,0,30,0
official.all-mp,units_presence_lt1,0,0,1.100,10,30,0.567
official.all-mp,waypoints,2,19.500,60.500,67,30,27.800
official.all-mp,wp_and,0,0,0,6,30,0.200
official.all-mp,wp_cycle,0,2,8,12,30,2.933
official.all-mp,wp_destroy,0,0,0,0,30,0
official.all-mp,wp_getin,0,0,3.100,5,30,0.667
official.all-mp,wp_getout,0,0,1.100,5,30,0.367
official.all-mp,wp_guard,0,0,3.200,9,30,0.833
official.all-mp,wp_hold,0,4,16,24,30,6.200
official.all-mp,wp_join,0,0,0,0,30,0
official.all-mp,wp_leader,0,0,0,0,30,0
official.all-mp,wp_leg_m_median,0.587,141.978,444.087,2532.161,30,303.646
official.all-mp,wp_load,0,0,0,0,30,0
official.all-mp,wp_move,0,10,33.200,39,30,13.967
official.all-mp,wp_or,0,0,0,0,30,0
official.all-mp,wp_sad,0,0,7.200,16,30,2.367
official.all-mp,wp_scripted,0,0,0,0,30,0
official.all-mp,wp_sentry,0,0,0,0,30,0
official.all-mp,wp_support,0,0,0,1,30,0.033
official.all-mp,wp_talk,0,0,0,0,30,0
official.all-mp,wp_tr_unload,0,0,0,1,30,0.033
official.all-mp,wp_unload,0,0,1,2,30,0.200
official.all-mp,wps_per_group_mean,0.667,3,4.462,5,30,2.823
official.all-sp-playable,addons_required,0,0,3.400,6,87,1.069
official.all-sp-playable,any_placement_radius,0,0,1,1,87,0.310
official.all-sp-playable,any_presence_condition,0,0,0,1,87,0.023
official.all-sp-playable,any_presence_random,0,0,1,1,87,0.310
official.all-sp-playable,ao_extent_m,372.972,3696.132,7368.480,11281.193,86,4192.175
official.all-sp-playable,briefing_debrief_sections,1,6,6,6,82,5.890
official.all-sp-playable,briefing_has_plan,0,1,1,1,82,0.976
official.all-sp-playable,briefing_images,0,0,0,1,82,0.037
official.all-sp-playable,briefing_languages,0,5,6,6,87,4.931
official.all-sp-playable,briefing_marker_links,0,5,9,16,82,5.159
official.all-sp-playable,briefing_objectives,0,3,5,9,82,3.390
official.all-sp-playable,briefing_side_variants,0,0,0,0,82,0
official.all-sp-playable,briefing_words_debriefing,10,42,90,229,82,53.159
official.all-sp-playable,briefing_words_main,0,81.500,138.600,180,82,85.402
official.all-sp-playable,briefing_words_notes_plan,0,123.500,185.400,247,82,123.902
official.all-sp-playable,briefing_words_objectives,0,36.500,76.900,135,82,44.780
official.all-sp-playable,briefing_words_plan,0,35,65.800,108,82,38.500
official.all-sp-playable,briefing_words_total,33,236.500,400.800,695,82,251.939
official.all-sp-playable,civ_units,0,0,1.500,46,86,1.233
official.all-sp-playable,desc_cfgidentities_entries,0,0,0,6,85,0.071
official.all-sp-playable,desc_cfgmusic_entries,0,0,0,6,85,0.071
official.all-sp-playable,desc_cfgradio_entries,0,7,17.600,40,85,8.318
official.all-sp-playable,desc_cfgsounds_entries,0,2,26.600,55,85,7.624
official.all-sp-playable,desc_has_gear_pool,0,0,1,1,85,0.259
official.all-sp-playable,desc_has_identities,0,0,0,1,85,0.012
official.all-sp-playable,desc_has_params,0,0,0,0,85,0
official.all-sp-playable,desc_has_respawn,0,0,0,0,85,0
official.all-sp-playable,desc_magazines_entries,0,0,7,21,85,1.965
official.all-sp-playable,desc_rsctitles_entries,0,0,0,4,85,0.047
official.all-sp-playable,desc_top_classes,0,4,6,9,85,4.012
official.all-sp-playable,desc_top_keys,1,5,7,9,85,4.800
official.all-sp-playable,desc_weapons_entries,0,0,5.200,19,85,1.259
official.all-sp-playable,distinct_end_types,1,2,4,6,87,1.920
official.all-sp-playable,empty_kind_objects,0,16,49.800,123,87,21.644
official.all-sp-playable,empty_kind_vehicles,0,6,14.400,30,87,7.046
official.all-sp-playable,empty_named,0,2,9.400,29,87,3.460
official.all-sp-playable,empty_vehicles,0,20,60.600,136,87,28.690
official.all-sp-playable,empty_with_init,0,1,4,7,87,1.276
official.all-sp-playable,enemy_to_friendly_ratio,0,2.286,16.958,85,86,6.823
official.all-sp-playable,enemy_units,0,51.500,90,143,86,52.337
official.all-sp-playable,files,1,28,80.400,125,87,37.092
official.all-sp-playable,folder_kb,1.218,829.714,2581.675,7878.043,87,1232.334
official.all-sp-playable,friendly_units,1,23.500,45,80,86,23.279
official.all-sp-playable,fx_camera,0,0,0,2,87,0.069
official.all-sp-playable,fx_music,0,0,1,3,87,0.184
official.all-sp-playable,fx_sound_or_voice,0,0,0.400,4,87,0.172
official.all-sp-playable,fx_title,0,1,4,5,87,1.529
official.all-sp-playable,groups,0,30,56.400,87,87,32.885
official.all-sp-playable,groups_over_12,0,0,0,0,87,0
official.all-sp-playable,has_any_cutscene_section,0,0,1,1,87,0.402
official.all-sp-playable,has_briefing,0,1,1,1,87,0.943
official.all-sp-playable,has_description_ext,0,1,1,1,87,0.977
official.all-sp-playable,has_end_trigger,1,1,1,1,87,1
official.all-sp-playable,has_intro,0,0,1,1,87,0.391
official.all-sp-playable,has_lose_trigger,0,0,1,1,87,0.264
official.all-sp-playable,has_outroloose,0,0,0,0,87,0
official.all-sp-playable,has_outrowin,0,0,0,1,87,0.011
official.all-sp-playable,has_overview,0,1,1,1,87,0.989
official.all-sp-playable,has_script_exit,0,0,1,1,87,0.207
official.all-sp-playable,has_script_init,0,1,1,1,87,0.920
official.all-sp-playable,has_script_intro,0,0,1,1,87,0.264
official.all-sp-playable,has_script_intro_any,0,0,1,1,87,0.299
official.all-sp-playable,has_script_outro,0,1,1,1,87,0.747
official.all-sp-playable,has_script_outro2,0,0,1,1,87,0.138
official.all-sp-playable,has_script_outro_any,0,1,1,1,87,0.759
official.all-sp-playable,has_stringtable,0,1,1,1,87,0.977
official.all-sp-playable,image_files,0,1,1,2,87,1.034
official.all-sp-playable,intro_triggers,1,3,8.400,21,34,4.441
official.all-sp-playable,intro_units,1,16,44.100,61,34,20.912
official.all-sp-playable,intro_waypoints,0,8,26.500,41,34,10.647
official.all-sp-playable,is_dawn_dusk_start,0,0,1,1,87,0.299
official.all-sp-playable,is_night_start,0,0,1,1,87,0.172
official.all-sp-playable,lip_files,0,1,24.400,42,87,6.609
official.all-sp-playable,markers,0,11,46.400,93,87,19.218
official.all-sp-playable,markers_area,0,2,5,7,87,2.115
official.all-sp-playable,markers_hidden_empty,0,1,11,43,87,3.828
official.all-sp-playable,markers_icon,0,9,46,91,87,17.103
official.all-sp-playable,markers_with_text,0,3,6,10,87,3.011
official.all-sp-playable,objects_total,5,235,380.400,617,87,242.529
official.all-sp-playable,outrowin_triggers,5,5,5,5,1,5
official.all-sp-playable,outrowin_units,6,6,6,6,1,6
official.all-sp-playable,outrowin_waypoints,1,1,1,1,1,1
official.all-sp-playable,overview_has_image,1,1,1,1,86,1
official.all-sp-playable,overview_words,0,0,23,37,86,6.058
official.all-sp-playable,playable_units,0,1,1,1,87,0.989
official.all-sp-playable,player_route_m,89.249,2038.879,8077.733,26558.418,79,4025.422
official.all-sp-playable,player_units,0,1,1,1,87,0.989
official.all-sp-playable,script_camcreate_calls,0,2,4,9,87,2.034
official.all-sp-playable,script_endmission_calls,0,0,0,2,87,0.069
official.all-sp-playable,script_files,0,3,7,14,87,3.839
official.all-sp-playable,script_lines,0,105,329,1503,87,169.747
official.all-sp-playable,script_objstatus_calls,0,0,3,15,87,1.011
official.all-sp-playable,share_groups_no_wp,0,0.227,0.533,0.750,86,0.249
official.all-sp-playable,share_groups_patrol_cycle,0,0.114,0.390,0.634,86,0.165
official.all-sp-playable,share_groups_single_unit,0.059,0.521,0.778,1,86,0.523
official.all-sp-playable,share_units_cargo,0,0,0.125,0.558,86,0.041
official.all-sp-playable,share_units_fly,0,0,0.039,0.161,86,0.010
official.all-sp-playable,share_units_init_exec,0,0,0,0.022,86,0.001
official.all-sp-playable,share_units_named,0.007,0.162,0.481,1,86,0.217
official.all-sp-playable,share_units_none_special,0,0.016,0.275,0.667,86,0.083
official.all-sp-playable,share_units_with_init,0,0.108,0.343,0.800,86,0.157
official.all-sp-playable,share_wp_attached,0,0.041,0.108,0.203,86,0.048
official.all-sp-playable,share_wp_cond,0,0.002,0.103,0.247,86,0.030
official.all-sp-playable,share_wp_description,0,0.024,0.058,0.107,86,0.026
official.all-sp-playable,share_wp_effects,0,0,0,0.027,86,0.001
official.all-sp-playable,share_wp_onact,0,0.070,0.225,0.398,86,0.095
official.all-sp-playable,share_wp_script,0,0,0,0.026,86,0.001
official.all-sp-playable,share_wp_showwp_never,0.534,1,1,1,86,0.985
official.all-sp-playable,share_wp_synced,0,0.175,0.294,0.556,86,0.180
official.all-sp-playable,share_wp_timeout,0,0.119,0.276,0.320,86,0.128
official.all-sp-playable,sides_present,0,2,3,4,87,2.207
official.all-sp-playable,sound_files,0,11,36.800,65,87,15.563
official.all-sp-playable,sqm_text_kb,2.384,64.451,105.003,181.287,87,67.409
official.all-sp-playable,start_fog,0,0,0.388,0.568,87,0.115
official.all-sp-playable,start_hour,0,7,16.400,23,87,8.517
official.all-sp-playable,start_overcast,0,0.300,0.750,1,87,0.384
official.all-sp-playable,stringtable_en_words,12,206,596.400,1049,85,261.035
official.all-sp-playable,stringtable_keys,1,20,47,76,85,24.188
official.all-sp-playable,stringtable_languages,1,6,7,7,85,6.247
official.all-sp-playable,sync_dangling,0,0,0,0,87,0
official.all-sp-playable,sync_ids,0,9,24,98,87,12.632
official.all-sp-playable,sync_wp_trig,0,8,21,71,87,10.218
official.all-sp-playable,sync_wp_wp,0,1,6,27,87,2.414
official.all-sp-playable,trig_area,1,9,18.800,36,87,10.586
official.all-sp-playable,trig_area_radius_m_median,3,410,1275,3500,87,592.270
official.all-sp-playable,trig_attached_object,0,4,12.800,30,87,6.092
official.all-sp-playable,trig_cond_true,0,2,17.200,48,87,6
official.all-sp-playable,trig_condition_only,2,28,62.800,125,87,31.874
official.all-sp-playable,trig_countdown_mode,0,13,32,59,87,14.494
official.all-sp-playable,trig_custom_cond,5,34,71,128,87,37.506
official.all-sp-playable,trig_effects,0,16,41.800,69,87,18.230
official.all-sp-playable,trig_end,1,2,4,6,87,1.954
official.all-sp-playable,trig_group_attached,0,0,0,0,87,0
official.all-sp-playable,trig_guarded,0,0,0,7,87,0.126
official.all-sp-playable,trig_lose,0,0,1,2,87,0.276
official.all-sp-playable,trig_named,0,0,1,4,87,0.322
official.all-sp-playable,trig_onact,3,18,36.400,122,87,23.437
official.all-sp-playable,trig_ondeact,0,1,3,19,87,1.609
official.all-sp-playable,trig_radio,0,0,1,6,87,0.414
official.all-sp-playable,trig_rect,0,3,14.400,47,87,5.701
official.all-sp-playable,trig_repeating,0,2,9.400,100,87,5.046
official.all-sp-playable,trig_switch,0,2,7,12,87,3.103
official.all-sp-playable,trig_synced,0,4,11.400,23,87,5.586
official.all-sp-playable,trig_text,5,40,74,123,87,41.920
official.all-sp-playable,trig_timeout_mode,0,7,14,32,87,7.253
official.all-sp-playable,trig_timer,1,19,42,69,87,21.747
official.all-sp-playable,triggers,5,40,74,133,87,42.874
official.all-sp-playable,units,0,74,121.400,177,87,76.080
official.all-sp-playable,units_alt_start_markers,0,0,1,5,86,0.372
official.all-sp-playable,units_damaged_or_low,0,0,3,16,86,1.023
official.all-sp-playable,units_kind_air,0,0,2,12,87,0.552
official.all-sp-playable,units_kind_armored,0,9,22.800,38,87,10.678
official.all-sp-playable,units_kind_car,0,1,4,31,87,1.747
official.all-sp-playable,units_kind_men,0,56,104,151,87,61.057
official.all-sp-playable,units_kind_ship,0,0,0,0,87,0
official.all-sp-playable,units_kind_static,0,0,0,0,87,0
official.all-sp-playable,units_kind_support,0,0,3,7,87,0.954
official.all-sp-playable,units_kind_unknown,0,0,0,0,87,0
official.all-sp-playable,units_per_group_max,1,8,10,12,86,7.860
official.all-sp-playable,units_per_group_median,1,1,3,6,86,1.698
official.all-sp-playable,units_placement_radius,0,0,1,25,86,0.860
official.all-sp-playable,units_presence_cond,0,0,0,2,86,0.035
official.all-sp-playable,units_presence_lt1,0,0,8,45,86,2.640
official.all-sp-playable,waypoints,0,68,134.400,244,87,75.667
official.all-sp-playable,wp_and,0,0,15.400,51,87,4.540
official.all-sp-playable,wp_cycle,0,4,14.600,33,87,5.885
official.all-sp-playable,wp_destroy,0,0,1,7,87,0.391
official.all-sp-playable,wp_getin,0,3,7,56,87,3.713
official.all-sp-playable,wp_getout,0,1,4,56,87,2.517
official.all-sp-playable,wp_guard,0,1,7,19,87,2.345
official.all-sp-playable,wp_hold,0,8,17,40,87,8.414
official.all-sp-playable,wp_join,0,0,1,9,87,0.506
official.all-sp-playable,wp_leader,0,0,0,1,87,0.023
official.all-sp-playable,wp_leg_m_median,5.297,79.266,216.213,934.770,86,123.155
official.all-sp-playable,wp_load,0,0,0,0,87,0
official.all-sp-playable,wp_move,0,35,69.600,174,87,40.701
official.all-sp-playable,wp_or,0,0,0,2,87,0.080
official.all-sp-playable,wp_sad,0,3,11,21,87,4.862
official.all-sp-playable,wp_scripted,0,0,0,5,87,0.092
official.all-sp-playable,wp_sentry,0,0,0,4,87,0.184
official.all-sp-playable,wp_support,0,0,0,4,87,0.218
official.all-sp-playable,wp_talk,0,0,0,1,87,0.034
official.all-sp-playable,wp_tr_unload,0,0,2.400,13,87,0.839
official.all-sp-playable,wp_unload,0,0,1,3,87,0.322
official.all-sp-playable,wps_per_group_mean,1,2.325,3.579,6.125,86,2.422
official.campaign.1985.cutscenes,addons_required,0,0,0,0,14,0
official.campaign.1985.cutscenes,any_placement_radius,0,0,0,0,14,0
official.campaign.1985.cutscenes,any_presence_condition,0,0,0,0,14,0
official.campaign.1985.cutscenes,any_presence_random,0,0,0,0,14,0
official.campaign.1985.cutscenes,briefing_languages,0,0,0,0,14,0
official.campaign.1985.cutscenes,desc_cfgidentities_entries,0,0,0,0,14,0
official.campaign.1985.cutscenes,desc_cfgmusic_entries,0,0,0,0,14,0
official.campaign.1985.cutscenes,desc_cfgradio_entries,0,0,0,0,14,0
official.campaign.1985.cutscenes,desc_cfgsounds_entries,3,13.500,30,39,14,15.786
official.campaign.1985.cutscenes,desc_has_gear_pool,0,0,0,0,14,0
official.campaign.1985.cutscenes,desc_has_identities,0,0,0,0,14,0
official.campaign.1985.cutscenes,desc_has_params,0,0,0,0,14,0
official.campaign.1985.cutscenes,desc_has_respawn,0,0,0,0,14,0
official.campaign.1985.cutscenes,desc_magazines_entries,0,0,0,0,14,0
official.campaign.1985.cutscenes,desc_rsctitles_entries,0,0,0,0,14,0
official.campaign.1985.cutscenes,desc_top_classes,4,4,4,4,14,4
official.campaign.1985.cutscenes,desc_top_keys,0,0,0,0,14,0
official.campaign.1985.cutscenes,desc_weapons_entries,0,0,0,0,14,0
official.campaign.1985.cutscenes,distinct_end_types,0,0,0,0,14,0
official.campaign.1985.cutscenes,empty_kind_objects,0,0,0,0,14,0
official.campaign.1985.cutscenes,empty_kind_vehicles,0,0,0,0,14,0
official.campaign.1985.cutscenes,empty_named,0,0,0,0,14,0
official.campaign.1985.cutscenes,empty_vehicles,0,0,0,0,14,0
official.campaign.1985.cutscenes,empty_with_init,0,0,0,0,14,0
official.campaign.1985.cutscenes,files,18,32.500,66,84,14,39.429
official.campaign.1985.cutscenes,folder_kb,611.871,1123.342,2620.042,3163.920,14,1410.836
official.campaign.1985.cutscenes,fx_camera,0,0,0,0,14,0
official.campaign.1985.cutscenes,fx_music,0,0,0,0,14,0
official.campaign.1985.cutscenes,fx_sound_or_voice,0,0,0,0,14,0
official.campaign.1985.cutscenes,fx_title,0,0,0,0,14,0
official.campaign.1985.cutscenes,groups,0,0,0,0,14,0
official.campaign.1985.cutscenes,groups_over_12,0,0,0,0,14,0
official.campaign.1985.cutscenes,has_any_cutscene_section,1,1,1,1,14,1
official.campaign.1985.cutscenes,has_briefing,0,0,0,0,14,0
official.campaign.1985.cutscenes,has_description_ext,1,1,1,1,14,1
official.campaign.1985.cutscenes,has_end_trigger,0,0,0,0,14,0
official.campaign.1985.cutscenes,has_intro,1,1,1,1,14,1
official.campaign.1985.cutscenes,has_lose_trigger,0,0,0,0,14,0
official.campaign.1985.cutscenes,has_outroloose,0,0,0,0,14,0
official.campaign.1985.cutscenes,has_outrowin,0,0,0,0,14,0
official.campaign.1985.cutscenes,has_overview,1,1,1,1,14,1
official.campaign.1985.cutscenes,has_script_exit,0,0,0,0,14,0
official.campaign.1985.cutscenes,has_script_init,0,0,0,0,14,0
official.campaign.1985.cutscenes,has_script_intro,0,0,0,0,14,0
official.campaign.1985.cutscenes,has_script_intro_any,0,0,0,0,14,0
official.campaign.1985.cutscenes,has_script_outro,0,0,0,0,14,0
official.campaign.1985.cutscenes,has_script_outro2,0,0,0,0,14,0
official.campaign.1985.cutscenes,has_script_outro_any,0,0,0,0,14,0
official.campaign.1985.cutscenes,has_stringtable,1,1,1,1,14,1
official.campaign.1985.cutscenes,image_files,1,1,1,1,14,1
official.campaign.1985.cutscenes,intro_triggers,3,9.500,13.100,20,14,8.929
official.campaign.1985.cutscenes,intro_units,3,10.500,32,46,14,14.786
official.campaign.1985.cutscenes,intro_waypoints,0,3,25.500,57,14,9.500
official.campaign.1985.cutscenes,is_dawn_dusk_start,0,0,0.700,1,14,0.143
official.campaign.1985.cutscenes,is_night_start,0,0,0,0,14,0
official.campaign.1985.cutscenes,lip_files,4,12,29.400,39,14,16
official.campaign.1985.cutscenes,markers,0,0,0,0,14,0
official.campaign.1985.cutscenes,markers_area,0,0,0,0,14,0
official.campaign.1985.cutscenes,markers_hidden_empty,0,0,0,0,14,0
official.campaign.1985.cutscenes,markers_icon,0,0,0,0,14,0
official.campaign.1985.cutscenes,markers_with_text,0,0,0,0,14,0
official.campaign.1985.cutscenes,objects_total,0,0,0,0,14,0
official.campaign.1985.cutscenes,overview_has_image,1,1,1,1,14,1
official.campaign.1985.cutscenes,overview_words,0,0,0,0,14,0
official.campaign.1985.cutscenes,playable_units,0,0,0,0,14,0
official.campaign.1985.cutscenes,player_units,0,0,0,0,14,0
official.campaign.1985.cutscenes,script_camcreate_calls,1,1,1,1,14,1
official.campaign.1985.cutscenes,script_endmission_calls,0,0,0,0,14,0
official.campaign.1985.cutscenes,script_files,1,1,1.700,2,14,1.143
official.campaign.1985.cutscenes,script_lines,107,230,377.200,716,14,280
official.campaign.1985.cutscenes,script_objstatus_calls,0,0,0,0,14,0
official.campaign.1985.cutscenes,sides_present,0,0,0,0,14,0
official.campaign.1985.cutscenes,sound_files,8,14,31.400,39,14,17.286
official.campaign.1985.cutscenes,sqm_text_kb,5.501,9.958,25.053,46.001,14,14.351
official.campaign.1985.cutscenes,start_fog,0,0,0,0,14,0
official.campaign.1985.cutscenes,start_hour,6,7,7,18,14,7.714
official.campaign.1985.cutscenes,start_overcast,0.500,0.500,0.500,0.500,14,0.500
official.campaign.1985.cutscenes,stringtable_en_words,54,199,423.200,442,14,225.857
official.campaign.1985.cutscenes,stringtable_keys,3,14,36,43,14,17.714
official.campaign.1985.cutscenes,stringtable_languages,6,6,6,6,14,6
official.campaign.1985.cutscenes,sync_dangling,0,0,0,0,14,0
official.campaign.1985.cutscenes,sync_ids,0,0,0,0,14,0
official.campaign.1985.cutscenes,sync_wp_trig,0,0,0,0,14,0
official.campaign.1985.cutscenes,sync_wp_wp,0,0,0,0,14,0
official.campaign.1985.cutscenes,trig_area,0,0,0,0,14,0
official.campaign.1985.cutscenes,trig_attached_object,0,0,0,0,14,0
official.campaign.1985.cutscenes,trig_cond_true,0,0,0,0,14,0
official.campaign.1985.cutscenes,trig_condition_only,0,0,0,0,14,0
official.campaign.1985.cutscenes,trig_countdown_mode,0,0,0,0,14,0
official.campaign.1985.cutscenes,trig_custom_cond,0,0,0,0,14,0
official.campaign.1985.cutscenes,trig_effects,0,0,0,0,14,0
official.campaign.1985.cutscenes,trig_end,0,0,0,0,14,0
official.campaign.1985.cutscenes,trig_group_attached,0,0,0,0,14,0
official.campaign.1985.cutscenes,trig_guarded,0,0,0,0,14,0
official.campaign.1985.cutscenes,trig_lose,0,0,0,0,14,0
official.campaign.1985.cutscenes,trig_named,0,0,0,0,14,0
official.campaign.1985.cutscenes,trig_onact,0,0,0,0,14,0
official.campaign.1985.cutscenes,trig_ondeact,0,0,0,0,14,0
official.campaign.1985.cutscenes,trig_radio,0,0,0,0,14,0
official.campaign.1985.cutscenes,trig_rect,0,0,0,0,14,0
official.campaign.1985.cutscenes,trig_repeating,0,0,0,0,14,0
official.campaign.1985.cutscenes,trig_switch,0,0,0,0,14,0
official.campaign.1985.cutscenes,trig_synced,0,0,0,0,14,0
official.campaign.1985.cutscenes,trig_text,0,0,0,0,14,0
official.campaign.1985.cutscenes,trig_timeout_mode,0,0,0,0,14,0
official.campaign.1985.cutscenes,trig_timer,0,0,0,0,14,0
official.campaign.1985.cutscenes,triggers,0,0,0,0,14,0
official.campaign.1985.cutscenes,units,0,0,0,0,14,0
official.campaign.1985.cutscenes,units_kind_air,0,0,0,0,14,0
official.campaign.1985.cutscenes,units_kind_armored,0,0,0,0,14,0
official.campaign.1985.cutscenes,units_kind_car,0,0,0,0,14,0
official.campaign.1985.cutscenes,units_kind_men,0,0,0,0,14,0
official.campaign.1985.cutscenes,units_kind_ship,0,0,0,0,14,0
official.campaign.1985.cutscenes,units_kind_static,0,0,0,0,14,0
official.campaign.1985.cutscenes,units_kind_support,0,0,0,0,14,0
official.campaign.1985.cutscenes,units_kind_unknown,0,0,0,0,14,0
official.campaign.1985.cutscenes,waypoints,0,0,0,0,14,0
official.campaign.1985.cutscenes,wp_and,0,0,0,0,14,0
official.campaign.1985.cutscenes,wp_cycle,0,0,0,0,14,0
official.campaign.1985.cutscenes,wp_destroy,0,0,0,0,14,0
official.campaign.1985.cutscenes,wp_getin,0,0,0,0,14,0
official.campaign.1985.cutscenes,wp_getout,0,0,0,0,14,0
official.campaign.1985.cutscenes,wp_guard,0,0,0,0,14,0
official.campaign.1985.cutscenes,wp_hold,0,0,0,0,14,0
official.campaign.1985.cutscenes,wp_join,0,0,0,0,14,0
official.campaign.1985.cutscenes,wp_leader,0,0,0,0,14,0
official.campaign.1985.cutscenes,wp_load,0,0,0,0,14,0
official.campaign.1985.cutscenes,wp_move,0,0,0,0,14,0
official.campaign.1985.cutscenes,wp_or,0,0,0,0,14,0
official.campaign.1985.cutscenes,wp_sad,0,0,0,0,14,0
official.campaign.1985.cutscenes,wp_scripted,0,0,0,0,14,0
official.campaign.1985.cutscenes,wp_sentry,0,0,0,0,14,0
official.campaign.1985.cutscenes,wp_support,0,0,0,0,14,0
official.campaign.1985.cutscenes,wp_talk,0,0,0,0,14,0
official.campaign.1985.cutscenes,wp_tr_unload,0,0,0,0,14,0
official.campaign.1985.cutscenes,wp_unload,0,0,0,0,14,0
official.campaign.1985.interludes,addons_required,0,0,0,0,22,0
official.campaign.1985.interludes,any_placement_radius,0,0,0,0,22,0
official.campaign.1985.interludes,any_presence_condition,0,0,0,0,22,0
official.campaign.1985.interludes,any_presence_random,0,0,0,0,22,0
official.campaign.1985.interludes,briefing_languages,0,0,0,0,22,0
official.campaign.1985.interludes,desc_cfgidentities_entries,0,0,0,0,21,0
official.campaign.1985.interludes,desc_cfgmusic_entries,0,0,0,0,21,0
official.campaign.1985.interludes,desc_cfgradio_entries,0,0,0,0,21,0
official.campaign.1985.interludes,desc_cfgsounds_entries,1,1,1,1,21,1
official.campaign.1985.interludes,desc_has_gear_pool,0,0,0,0,21,0
official.campaign.1985.interludes,desc_has_identities,0,0,0,0,21,0
official.campaign.1985.interludes,desc_has_params,0,0,0,0,21,0
official.campaign.1985.interludes,desc_has_respawn,0,0,0,0,21,0
official.campaign.1985.interludes,desc_magazines_entries,0,0,0,0,21,0
official.campaign.1985.interludes,desc_rsctitles_entries,0,0,0,0,21,0
official.campaign.1985.interludes,desc_top_classes,4,4,4,4,21,4
official.campaign.1985.interludes,desc_top_keys,1,1,1,1,21,1
official.campaign.1985.interludes,desc_weapons_entries,0,0,0,0,21,0
official.campaign.1985.interludes,distinct_end_types,0,0,0,0,22,0
official.campaign.1985.interludes,empty_kind_objects,0,0,0,0,22,0
official.campaign.1985.interludes,empty_kind_vehicles,0,0,0,0,22,0
official.campaign.1985.interludes,empty_named,0,0,0,0,22,0
official.campaign.1985.interludes,empty_vehicles,0,0,0,0,22,0
official.campaign.1985.interludes,empty_with_init,0,0,0,0,22,0
official.campaign.1985.interludes,files,6,6,6,6,22,6
official.campaign.1985.interludes,folder_kb,60.390,90.758,197.487,207.277,22,102.661
official.campaign.1985.interludes,fx_camera,0,0,0,0,22,0
official.campaign.1985.interludes,fx_music,0,0,0,0,22,0
official.campaign.1985.interludes,fx_sound_or_voice,0,0,0,0,22,0
official.campaign.1985.interludes,fx_title,0,0,0,0,22,0
official.campaign.1985.interludes,groups,0,0,0,0,22,0
official.campaign.1985.interludes,groups_over_12,0,0,0,0,22,0
official.campaign.1985.interludes,has_any_cutscene_section,1,1,1,1,22,1
official.campaign.1985.interludes,has_briefing,0,0,0,0,22,0
official.campaign.1985.interludes,has_description_ext,0,1,1,1,22,0.955
official.campaign.1985.interludes,has_end_trigger,0,0,0,0,22,0
official.campaign.1985.interludes,has_intro,1,1,1,1,22,1
official.campaign.1985.interludes,has_lose_trigger,0,0,0,0,22,0
official.campaign.1985.interludes,has_outroloose,0,0,0,0,22,0
official.campaign.1985.interludes,has_outrowin,0,0,0,0,22,0
official.campaign.1985.interludes,has_overview,0,0,0,1,22,0.045
official.campaign.1985.interludes,has_script_exit,0,0,0,0,22,0
official.campaign.1985.interludes,has_script_init,0,0,0,0,22,0
official.campaign.1985.interludes,has_script_intro,0,1,1,1,22,0.955
official.campaign.1985.interludes,has_script_intro_any,0,1,1,1,22,0.955
official.campaign.1985.interludes,has_script_outro,0,0,0,0,22,0
official.campaign.1985.interludes,has_script_outro2,0,0,0,0,22,0
official.campaign.1985.interludes,has_script_outro_any,0,0,0,0,22,0
official.campaign.1985.interludes,has_stringtable,0,1,1,1,22,0.955
official.campaign.1985.interludes,image_files,0,0,0,1,22,0.045
official.campaign.1985.interludes,intro_triggers,1,1,1,32,22,2.409
official.campaign.1985.interludes,intro_units,2,2,4,93,22,6.409
official.campaign.1985.interludes,intro_waypoints,0,0,1,31,22,1.545
official.campaign.1985.interludes,is_dawn_dusk_start,0,0,0,0,22,0
official.campaign.1985.interludes,is_night_start,0,0,0,0,22,0
official.campaign.1985.interludes,lip_files,0,1,1,1,22,0.955
official.campaign.1985.interludes,markers,0,0,0,0,22,0
official.campaign.1985.interludes,markers_area,0,0,0,0,22,0
official.campaign.1985.interludes,markers_hidden_empty,0,0,0,0,22,0
official.campaign.1985.interludes,markers_icon,0,0,0,0,22,0
official.campaign.1985.interludes,markers_with_text,0,0,0,0,22,0
official.campaign.1985.interludes,objects_total,0,0,0,0,22,0
official.campaign.1985.interludes,overview_has_image,1,1,1,1,1,1
official.campaign.1985.interludes,overview_words,0,0,0,0,1,0
official.campaign.1985.interludes,playable_units,0,0,0,0,22,0
official.campaign.1985.interludes,player_units,0,0,0,0,22,0
official.campaign.1985.interludes,script_camcreate_calls,1,1,1,2,22,1.045
official.campaign.1985.interludes,script_endmission_calls,0,0,0,0,22,0
official.campaign.1985.interludes,script_files,1,1,1,3,22,1.091
official.campaign.1985.interludes,script_lines,22,33,48,612,22,59.318
official.campaign.1985.interludes,script_objstatus_calls,0,0,0,0,22,0
official.campaign.1985.interludes,sides_present,0,0,0,0,22,0
official.campaign.1985.interludes,sound_files,0,1,1,1,22,0.955
official.campaign.1985.interludes,sqm_text_kb,1.617,2.306,2.881,49.821,22,4.414
official.campaign.1985.interludes,start_fog,0,0,0,0,22,0
official.campaign.1985.interludes,start_hour,7,7,7,7,22,7
official.campaign.1985.interludes,start_overcast,0.500,0.500,0.500,0.500,22,0.500
official.campaign.1985.interludes,stringtable_en_words,22,28,49,49,21,31
official.campaign.1985.interludes,stringtable_keys,2,2,2,2,21,2
official.campaign.1985.interludes,stringtable_languages,6,6,6,6,21,6
official.campaign.1985.interludes,sync_dangling,0,0,0,0,22,0
official.campaign.1985.interludes,sync_ids,0,0,0,0,22,0
official.campaign.1985.interludes,sync_wp_trig,0,0,0,0,22,0
official.campaign.1985.interludes,sync_wp_wp,0,0,0,0,22,0
official.campaign.1985.interludes,trig_area,0,0,0,0,22,0
official.campaign.1985.interludes,trig_attached_object,0,0,0,0,22,0
official.campaign.1985.interludes,trig_cond_true,0,0,0,0,22,0
official.campaign.1985.interludes,trig_condition_only,0,0,0,0,22,0
official.campaign.1985.interludes,trig_countdown_mode,0,0,0,0,22,0
official.campaign.1985.interludes,trig_custom_cond,0,0,0,0,22,0
official.campaign.1985.interludes,trig_effects,0,0,0,0,22,0
official.campaign.1985.interludes,trig_end,0,0,0,0,22,0
official.campaign.1985.interludes,trig_group_attached,0,0,0,0,22,0
official.campaign.1985.interludes,trig_guarded,0,0,0,0,22,0
official.campaign.1985.interludes,trig_lose,0,0,0,0,22,0
official.campaign.1985.interludes,trig_named,0,0,0,0,22,0
official.campaign.1985.interludes,trig_onact,0,0,0,0,22,0
official.campaign.1985.interludes,trig_ondeact,0,0,0,0,22,0
official.campaign.1985.interludes,trig_radio,0,0,0,0,22,0
official.campaign.1985.interludes,trig_rect,0,0,0,0,22,0
official.campaign.1985.interludes,trig_repeating,0,0,0,0,22,0
official.campaign.1985.interludes,trig_switch,0,0,0,0,22,0
official.campaign.1985.interludes,trig_synced,0,0,0,0,22,0
official.campaign.1985.interludes,trig_text,0,0,0,0,22,0
official.campaign.1985.interludes,trig_timeout_mode,0,0,0,0,22,0
official.campaign.1985.interludes,trig_timer,0,0,0,0,22,0
official.campaign.1985.interludes,triggers,0,0,0,0,22,0
official.campaign.1985.interludes,units,0,0,0,0,22,0
official.campaign.1985.interludes,units_kind_air,0,0,0,0,22,0
official.campaign.1985.interludes,units_kind_armored,0,0,0,0,22,0
official.campaign.1985.interludes,units_kind_car,0,0,0,0,22,0
official.campaign.1985.interludes,units_kind_men,0,0,0,0,22,0
official.campaign.1985.interludes,units_kind_ship,0,0,0,0,22,0
official.campaign.1985.interludes,units_kind_static,0,0,0,0,22,0
official.campaign.1985.interludes,units_kind_support,0,0,0,0,22,0
official.campaign.1985.interludes,units_kind_unknown,0,0,0,0,22,0
official.campaign.1985.interludes,waypoints,0,0,0,0,22,0
official.campaign.1985.interludes,wp_and,0,0,0,0,22,0
official.campaign.1985.interludes,wp_cycle,0,0,0,0,22,0
official.campaign.1985.interludes,wp_destroy,0,0,0,0,22,0
official.campaign.1985.interludes,wp_getin,0,0,0,0,22,0
official.campaign.1985.interludes,wp_getout,0,0,0,0,22,0
official.campaign.1985.interludes,wp_guard,0,0,0,0,22,0
official.campaign.1985.interludes,wp_hold,0,0,0,0,22,0
official.campaign.1985.interludes,wp_join,0,0,0,0,22,0
official.campaign.1985.interludes,wp_leader,0,0,0,0,22,0
official.campaign.1985.interludes,wp_load,0,0,0,0,22,0
official.campaign.1985.interludes,wp_move,0,0,0,0,22,0
official.campaign.1985.interludes,wp_or,0,0,0,0,22,0
official.campaign.1985.interludes,wp_sad,0,0,0,0,22,0
official.campaign.1985.interludes,wp_scripted,0,0,0,0,22,0
official.campaign.1985.interludes,wp_sentry,0,0,0,0,22,0
official.campaign.1985.interludes,wp_support,0,0,0,0,22,0
official.campaign.1985.interludes,wp_talk,0,0,0,0,22,0
official.campaign.1985.interludes,wp_tr_unload,0,0,0,0,22,0
official.campaign.1985.interludes,wp_unload,0,0,0,0,22,0
official.campaign.1985.missions,addons_required,0,0,1,1,43,0.140
official.campaign.1985.missions,any_placement_radius,0,0,1,1,43,0.326
official.campaign.1985.missions,any_presence_condition,0,0,0,1,43,0.047
official.campaign.1985.missions,any_presence_random,0,0,1,1,43,0.326
official.campaign.1985.missions,ao_extent_m,372.972,3313.171,7408.826,10239.168,42,4042.437
official.campaign.1985.missions,briefing_debrief_sections,1,6,6,6,39,5.872
official.campaign.1985.missions,briefing_has_plan,1,1,1,1,39,1
official.campaign.1985.missions,briefing_images,0,0,0,1,39,0.051
official.campaign.1985.missions,briefing_languages,0,5,5,5,43,4.535
official.campaign.1985.missions,briefing_marker_links,0,5,9.200,15,39,5.256
official.campaign.1985.missions,briefing_objectives,0,4,5,6,39,3.564
official.campaign.1985.missions,briefing_side_variants,0,0,0,0,39,0
official.campaign.1985.missions,briefing_words_debriefing,10,53,99.200,229,39,68.692
official.campaign.1985.missions,briefing_words_main,17,100,148.400,180,39,100.462
official.campaign.1985.missions,briefing_words_notes_plan,52,147,209.200,247,39,146.667
official.campaign.1985.missions,briefing_words_objectives,0,37,67,82,39,40
official.campaign.1985.missions,briefing_words_plan,10,45,69.800,108,39,46.205
official.campaign.1985.missions,briefing_words_total,108,270,452.600,695,39,300.795
official.campaign.1985.missions,civ_units,0,0,1,32,42,0.976
official.campaign.1985.missions,desc_cfgidentities_entries,0,0,0,0,42,0
official.campaign.1985.missions,desc_cfgmusic_entries,0,0,0,0,42,0
official.campaign.1985.missions,desc_cfgradio_entries,0,9,17.900,26,42,9.595
official.campaign.1985.missions,desc_cfgsounds_entries,0,2.500,22.700,40,42,7.524
official.campaign.1985.missions,desc_has_gear_pool,0,0,1,1,42,0.286
official.campaign.1985.missions,desc_has_identities,0,0,0,0,42,0
official.campaign.1985.missions,desc_has_params,0,0,0,0,42,0
official.campaign.1985.missions,desc_has_respawn,0,0,0,0,42,0
official.campaign.1985.missions,desc_magazines_entries,0,0,7,21,42,2.143
official.campaign.1985.missions,desc_rsctitles_entries,0,0,0,0,42,0
official.campaign.1985.missions,desc_top_classes,1,4,6,6,42,4.048
official.campaign.1985.missions,desc_top_keys,4,4,5,9,42,4.690
official.campaign.1985.missions,desc_weapons_entries,0,0,5.800,19,42,1.476
official.campaign.1985.missions,distinct_end_types,1,1,3.800,6,43,1.767
official.campaign.1985.missions,empty_kind_objects,0,11,46.800,94,43,19.814
official.campaign.1985.missions,empty_kind_vehicles,0,5,12.800,30,43,5.837
official.campaign.1985.missions,empty_named,0,2,7.600,29,43,3.070
official.campaign.1985.missions,empty_vehicles,0,16,55.800,95,43,25.651
official.campaign.1985.missions,empty_with_init,0,0,3,7,43,1.047
official.campaign.1985.missions,enemy_to_friendly_ratio,0,1.914,15.650,85,42,7.071
official.campaign.1985.missions,enemy_units,0,49,85,110,42,49.714
official.campaign.1985.missions,files,1,29,72.400,102,43,37.163
official.campaign.1985.missions,folder_kb,1.218,923.125,2189.823,3238.308,43,1088.644
official.campaign.1985.missions,friendly_units,1,21.500,43.700,56,42,23.167
official.campaign.1985.missions,fx_camera,0,0,0,1,43,0.047
official.campaign.1985.missions,fx_music,0,0,0,2,43,0.116
official.campaign.1985.missions,fx_sound_or_voice,0,0,0,1,43,0.023
official.campaign.1985.missions,fx_title,0,2,4,5,43,1.860
official.campaign.1985.missions,groups,0,29,55.200,87,43,32.349
official.campaign.1985.missions,groups_over_12,0,0,0,0,43,0
official.campaign.1985.missions,has_any_cutscene_section,0,0,1,1,43,0.326
official.campaign.1985.missions,has_briefing,0,1,1,1,43,0.907
official.campaign.1985.missions,has_description_ext,0,1,1,1,43,0.977
official.campaign.1985.missions,has_end_trigger,1,1,1,1,43,1
official.campaign.1985.missions,has_intro,0,0,1,1,43,0.302
official.campaign.1985.missions,has_lose_trigger,0,0,1,1,43,0.488
official.campaign.1985.missions,has_outroloose,0,0,0,0,43,0
official.campaign.1985.missions,has_outrowin,0,0,0,1,43,0.023
official.campaign.1985.missions,has_overview,0,1,1,1,43,0.977
official.campaign.1985.missions,has_script_exit,0,0,0,0,43,0
official.campaign.1985.missions,has_script_init,0,1,1,1,43,0.953
official.campaign.1985.missions,has_script_intro,0,0,1,1,43,0.163
official.campaign.1985.missions,has_script_intro_any,0,0,1,1,43,0.186
official.campaign.1985.missions,has_script_outro,0,1,1,1,43,0.628
official.campaign.1985.missions,has_script_outro2,0,0,0,1,43,0.093
official.campaign.1985.missions,has_script_outro_any,0,1,1,1,43,0.628
official.campaign.1985.missions,has_stringtable,0,1,1,1,43,0.977
official.campaign.1985.missions,image_files,0,1,1,2,43,1.023
official.campaign.1985.missions,intro_triggers,1,3,5.800,7,13,3.231
official.campaign.1985.missions,intro_units,1,9,16.800,61,13,13.692
official.campaign.1985.missions,intro_waypoints,0,4,9,19,13,5.538
official.campaign.1985.missions,is_dawn_dusk_start,0,0,1,1,43,0.302
official.campaign.1985.missions,is_night_start,0,0,1,1,43,0.233
official.campaign.1985.missions,lip_files,0,2,21.600,42,43,7.488
official.campaign.1985.missions,markers,0,11,46.600,77,43,19.279
official.campaign.1985.missions,markers_area,0,2,5,7,43,2.023
official.campaign.1985.missions,markers_hidden_empty,0,1,11,39,43,3.698
official.campaign.1985.missions,markers_icon,0,9,44.800,76,43,17.256
official.campaign.1985.missions,markers_with_text,0,4,6,7,43,3.256
official.campaign.1985.missions,objects_total,5,243,361,495,43,246.302
official.campaign.1985.missions,outrowin_triggers,5,5,5,5,1,5
official.campaign.1985.missions,outrowin_units,6,6,6,6,1,6
official.campaign.1985.missions,outrowin_waypoints,1,1,1,1,1,1
official.campaign.1985.missions,overview_has_image,1,1,1,1,42,1
official.campaign.1985.missions,overview_words,0,0,0,0,42,0
official.campaign.1985.missions,playable_units,0,1,1,1,43,0.977
official.campaign.1985.missions,player_route_m,89.249,2481.352,7020.062,26558.418,37,4204.089
official.campaign.1985.missions,player_units,0,1,1,1,43,0.977
official.campaign.1985.missions,script_camcreate_calls,0,1,3,9,43,1.907
official.campaign.1985.missions,script_endmission_calls,0,0,0.800,2,43,0.140
official.campaign.1985.missions,script_files,0,3,5,12,43,3.256
official.campaign.1985.missions,script_lines,0,57,248,405,43,101.907
official.campaign.1985.missions,script_objstatus_calls,0,0,2,4,43,0.791
official.campaign.1985.missions,share_groups_no_wp,0,0.201,0.386,0.566,42,0.203
official.campaign.1985.missions,share_groups_patrol_cycle,0,0.130,0.429,0.634,42,0.190
official.campaign.1985.missions,share_groups_single_unit,0.059,0.482,0.699,0.949,42,0.495
official.campaign.1985.missions,share_units_cargo,0,0,0.204,0.393,42,0.054
official.campaign.1985.missions,share_units_fly,0,0,0.058,0.161,42,0.016
official.campaign.1985.missions,share_units_init_exec,0,0,0,0.022,42,0.001
official.campaign.1985.missions,share_units_named,0.014,0.107,0.231,0.790,42,0.147
official.campaign.1985.missions,share_units_none_special,0,0.040,0.346,0.667,42,0.132
official.campaign.1985.missions,share_units_with_init,0,0.091,0.395,0.521,42,0.147
official.campaign.1985.missions,share_wp_attached,0,0.031,0.075,0.157,42,0.036
official.campaign.1985.missions,share_wp_cond,0,0.010,0.096,0.130,42,0.024
official.campaign.1985.missions,share_wp_description,0,0.013,0.044,0.082,42,0.018
official.campaign.1985.missions,share_wp_effects,0,0,0,0.016,42,0.001
official.campaign.1985.missions,share_wp_onact,0,0.097,0.274,0.398,42,0.120
official.campaign.1985.missions,share_wp_script,0,0,0,0.026,42,0.001
official.campaign.1985.missions,share_wp_showwp_never,0.534,1,1,1,42,0.971
official.campaign.1985.missions,share_wp_synced,0,0.186,0.274,0.556,42,0.183
official.campaign.1985.missions,share_wp_timeout,0,0.106,0.288,0.320,42,0.125
official.campaign.1985.missions,sides_present,0,2,3,4,43,2.140
official.campaign.1985.missions,sound_files,0,15,35,48,43,16.930
official.campaign.1985.missions,sqm_text_kb,2.384,66.833,103.058,143.549,43,66.859
official.campaign.1985.missions,start_fog,0,0,0.309,0.482,43,0.077
official.campaign.1985.missions,start_hour,0,7,16.800,18,43,8.465
official.campaign.1985.missions,start_overcast,0,0.244,0.718,0.963,43,0.341
official.campaign.1985.missions,stringtable_en_words,12,254.500,474.500,1049,42,280.500
official.campaign.1985.missions,stringtable_keys,5,23.500,42.600,73,42,25.738
official.campaign.1985.missions,stringtable_languages,6,6,6,6,42,6
official.campaign.1985.missions,sync_dangling,0,0,0,0,43,0
official.campaign.1985.missions,sync_ids,0,11,24,98,43,14.419
official.campaign.1985.missions,sync_wp_trig,0,9,21.800,71,43,11.930
official.campaign.1985.missions,sync_wp_wp,0,1,5,27,43,2.488
official.campaign.1985.missions,trig_area,1,10,20,34,43,11.814
official.campaign.1985.missions,trig_area_radius_m_median,20,350,1685,3500,43,575.756
official.campaign.1985.missions,trig_attached_object,0,6,15.800,26,43,7.302
official.campaign.1985.missions,trig_cond_true,0,2,22.400,48,43,7.047
official.campaign.1985.missions,trig_condition_only,3,28,52.800,125,43,32.535
official.campaign.1985.missions,trig_countdown_mode,0,13,21.200,32,43,11.860
official.campaign.1985.missions,trig_custom_cond,5,37,60.800,128,43,38.744
official.campaign.1985.missions,trig_effects,0,12,28.400,69,43,15.279
official.campaign.1985.missions,trig_end,1,1,3.800,6,43,1.814
official.campaign.1985.missions,trig_group_attached,0,0,0,0,43,0
official.campaign.1985.missions,trig_guarded,0,0,0,0,43,0
official.campaign.1985.missions,trig_lose,0,0,1,2,43,0.512
official.campaign.1985.missions,trig_named,0,0,1,3,43,0.233
official.campaign.1985.missions,trig_onact,3,24,39.400,122,43,28.186
official.campaign.1985.missions,trig_ondeact,0,1,3.800,19,43,2.093
official.campaign.1985.missions,trig_radio,0,0,1,6,43,0.419
official.campaign.1985.missions,trig_rect,0,3,15,47,43,6.349
official.campaign.1985.missions,trig_repeating,0,3,10,100,43,6.767
official.campaign.1985.missions,trig_switch,0,2,7.800,12,43,3.349
official.campaign.1985.missions,trig_synced,0,5,13.800,23,43,6.907
official.campaign.1985.missions,trig_text,5,41,74,123,43,43.047
official.campaign.1985.missions,trig_timeout_mode,0,6,14,32,43,7.698
official.campaign.1985.missions,trig_timer,2,19,31.800,42,43,19.558
official.campaign.1985.missions,triggers,5,41,74.800,133,43,44.767
official.campaign.1985.missions,units,0,72,107.600,162,43,72.814
official.campaign.1985.missions,units_alt_start_markers,0,0,1,3,42,0.381
official.campaign.1985.missions,units_damaged_or_low,0,0,3.900,9,42,1.143
official.campaign.1985.missions,units_kind_air,0,0,2,3,43,0.512
official.campaign.1985.missions,units_kind_armored,0,8,17.600,38,43,9.791
official.campaign.1985.missions,units_kind_car,0,1,4,31,43,2.279
official.campaign.1985.missions,units_kind_men,0,53,89,151,43,57.767
official.campaign.1985.missions,units_kind_ship,0,0,0,0,43,0
official.campaign.1985.missions,units_kind_static,0,0,0,0,43,0
official.campaign.1985.missions,units_kind_support,0,0,4,7,43,1.047
official.campaign.1985.missions,units_kind_unknown,0,0,0,0,43,0
official.campaign.1985.missions,units_per_group_max,2,8,9.900,10,42,7.714
official.campaign.1985.missions,units_per_group_median,1,1.750,2.450,4,42,1.667
official.campaign.1985.missions,units_placement_radius,0,0,1,25,42,1.429
official.campaign.1985.missions,units_presence_cond,0,0,0,2,42,0.071
official.campaign.1985.missions,units_presence_lt1,0,0,10.700,45,42,3.667
official.campaign.1985.missions,waypoints,0,74,139.800,244,43,83.791
official.campaign.1985.missions,wp_and,0,2,18.600,51,43,6.651
official.campaign.1985.missions,wp_cycle,0,5,17.800,33,43,6.767
official.campaign.1985.missions,wp_destroy,0,0,1,7,43,0.419
official.campaign.1985.missions,wp_getin,0,2,7,56,43,4.047
official.campaign.1985.missions,wp_getout,0,2,4.800,56,43,3.442
official.campaign.1985.missions,wp_guard,0,1,6.800,19,43,2.349
official.campaign.1985.missions,wp_hold,0,7,17,40,43,7.907
official.campaign.1985.missions,wp_join,0,0,0.800,3,43,0.186
official.campaign.1985.missions,wp_leader,0,0,0,1,43,0.023
official.campaign.1985.missions,wp_leg_m_median,20.268,91.352,192.542,934.770,42,122.511
official.campaign.1985.missions,wp_load,0,0,0,0,43,0
official.campaign.1985.missions,wp_move,0,42,80,130,43,45.953
official.campaign.1985.missions,wp_or,0,0,0.800,2,43,0.140
official.campaign.1985.missions,wp_sad,0,3,9.600,13,43,3.907
official.campaign.1985.missions,wp_scripted,0,0,0,5,43,0.186
official.campaign.1985.missions,wp_sentry,0,0,1,4,43,0.372
official.campaign.1985.missions,wp_support,0,0,0,4,43,0.256
official.campaign.1985.missions,wp_talk,0,0,0,1,43,0.047
official.campaign.1985.missions,wp_tr_unload,0,0,2,4,43,0.651
official.campaign.1985.missions,wp_unload,0,0,2,3,43,0.488
official.campaign.1985.missions,wps_per_group_mean,1.205,2.524,3.873,6.125,42,2.691
official.campaign.resistance.cutscenes,addons_required,0,0,1.400,4,14,0.429
official.campaign.resistance.cutscenes,any_placement_radius,0,0,0,0,14,0
official.campaign.resistance.cutscenes,any_presence_condition,0,0,0,0,14,0
official.campaign.resistance.cutscenes,any_presence_random,0,0,0,0,14,0
official.campaign.resistance.cutscenes,briefing_languages,0,0,0,0,14,0
official.campaign.resistance.cutscenes,desc_cfgidentities_entries,0,0,0,0,14,0
official.campaign.resistance.cutscenes,desc_cfgmusic_entries,0,0,0,0,14,0
official.campaign.resistance.cutscenes,desc_cfgradio_entries,0,1,1,1,14,0.857
official.campaign.resistance.cutscenes,desc_cfgsounds_entries,2,18.500,29,34,14,17.929
official.campaign.resistance.cutscenes,desc_has_gear_pool,0,0,1,1,14,0.286
official.campaign.resistance.cutscenes,desc_has_identities,0,0,0,0,14,0
official.campaign.resistance.cutscenes,desc_has_params,0,0,0,0,14,0
official.campaign.resistance.cutscenes,desc_has_respawn,0,0,0,0,14,0
official.campaign.resistance.cutscenes,desc_magazines_entries,0,0,31,31,14,8.857
official.campaign.resistance.cutscenes,desc_rsctitles_entries,0,0,6.300,18,14,1.929
official.campaign.resistance.cutscenes,desc_top_classes,1,4,6.700,9,14,4.857
official.campaign.resistance.cutscenes,desc_top_keys,0,4,7,7,14,4.286
official.campaign.resistance.cutscenes,desc_weapons_entries,0,0,25,25,14,7.143
official.campaign.resistance.cutscenes,distinct_end_types,0,0,0,0,14,0
official.campaign.resistance.cutscenes,empty_kind_objects,0,0,0,0,14,0
official.campaign.resistance.cutscenes,empty_kind_vehicles,0,0,0,0,14,0
official.campaign.resistance.cutscenes,empty_named,0,0,0,0,14,0
official.campaign.resistance.cutscenes,empty_vehicles,0,0,0,0,14,0
official.campaign.resistance.cutscenes,empty_with_init,0,0,0,0,14,0
official.campaign.resistance.cutscenes,files,6,39.500,63.700,74,14,40.786
official.campaign.resistance.cutscenes,folder_kb,107.435,1346.587,2931.774,3141.081,14,1577.796
official.campaign.resistance.cutscenes,fx_camera,0,0,0,0,14,0
official.campaign.resistance.cutscenes,fx_music,0,0,0,0,14,0
official.campaign.resistance.cutscenes,fx_sound_or_voice,0,0,0,0,14,0
official.campaign.resistance.cutscenes,fx_title,0,0,0,0,14,0
official.campaign.resistance.cutscenes,groups,0,0,0,0,14,0
official.campaign.resistance.cutscenes,groups_over_12,0,0,0,0,14,0
official.campaign.resistance.cutscenes,has_any_cutscene_section,1,1,1,1,14,1
official.campaign.resistance.cutscenes,has_briefing,0,0,0,0,14,0
official.campaign.resistance.cutscenes,has_description_ext,1,1,1,1,14,1
official.campaign.resistance.cutscenes,has_end_trigger,0,0,0,0,14,0
official.campaign.resistance.cutscenes,has_intro,1,1,1,1,14,1
official.campaign.resistance.cutscenes,has_lose_trigger,0,0,0,0,14,0
official.campaign.resistance.cutscenes,has_outroloose,0,0,0,0,14,0
official.campaign.resistance.cutscenes,has_outrowin,0,0,0,0,14,0
official.campaign.resistance.cutscenes,has_overview,0,1,1,1,14,0.786
official.campaign.resistance.cutscenes,has_script_exit,0,0,0,0,14,0
official.campaign.resistance.cutscenes,has_script_init,0,0,0.700,1,14,0.143
official.campaign.resistance.cutscenes,has_script_intro,0,1,1,1,14,0.929
official.campaign.resistance.cutscenes,has_script_intro_any,1,1,1,1,14,1
official.campaign.resistance.cutscenes,has_script_outro,0,0,0,0,14,0
official.campaign.resistance.cutscenes,has_script_outro2,0,0,0,0,14,0
official.campaign.resistance.cutscenes,has_script_outro_any,0,0,0,0,14,0
official.campaign.resistance.cutscenes,has_stringtable,1,1,1,1,14,1
official.campaign.resistance.cutscenes,image_files,0,1,1,1,14,0.786
official.campaign.resistance.cutscenes,intro_triggers,4,12,27.300,30,14,13.857
official.campaign.resistance.cutscenes,intro_units,8,51.500,66.100,171,14,47.429
official.campaign.resistance.cutscenes,intro_waypoints,4,15,38.100,129,14,26.857
official.campaign.resistance.cutscenes,is_dawn_dusk_start,0,0,0,0,14,0
official.campaign.resistance.cutscenes,is_night_start,0,0,0,1,14,0.071
official.campaign.resistance.cutscenes,lip_files,0,16,27.700,33,14,15.857
official.campaign.resistance.cutscenes,markers,0,0,0,0,14,0
official.campaign.resistance.cutscenes,markers_area,0,0,0,0,14,0
official.campaign.resistance.cutscenes,markers_hidden_empty,0,0,0,0,14,0
official.campaign.resistance.cutscenes,markers_icon,0,0,0,0,14,0
official.campaign.resistance.cutscenes,markers_with_text,0,0,0,0,14,0
official.campaign.resistance.cutscenes,objects_total,0,0,0,0,14,0
official.campaign.resistance.cutscenes,overview_has_image,1,1,1,1,11,1
official.campaign.resistance.cutscenes,overview_words,0,0,0,0,11,0
official.campaign.resistance.cutscenes,playable_units,0,0,0,0,14,0
official.campaign.resistance.cutscenes,player_units,0,0,0,0,14,0
official.campaign.resistance.cutscenes,script_camcreate_calls,1,1,3.100,13,14,2.071
official.campaign.resistance.cutscenes,script_endmission_calls,0,0,0,0,14,0
official.campaign.resistance.cutscenes,script_files,1,1,5,6,14,2.214
official.campaign.resistance.cutscenes,script_lines,132,358.500,672.100,1286,14,439.357
official.campaign.resistance.cutscenes,script_objstatus_calls,0,0,0,0,14,0
official.campaign.resistance.cutscenes,sides_present,0,0,0,0,14,0
official.campaign.resistance.cutscenes,sound_files,1,18,29.400,35,14,18
official.campaign.resistance.cutscenes,sqm_text_kb,8.858,28.480,47.686,145.441,14,34.399
official.campaign.resistance.cutscenes,start_fog,0,0,0.249,0.363,14,0.051
official.campaign.resistance.cutscenes,start_hour,7,7,14.200,23,14,9
official.campaign.resistance.cutscenes,start_overcast,0.088,0.500,0.500,0.844,14,0.495
official.campaign.resistance.cutscenes,stringtable_en_words,2,197,411.100,559,14,229
official.campaign.resistance.cutscenes,stringtable_keys,2,17.500,31.100,34,14,17.929
official.campaign.resistance.cutscenes,stringtable_languages,7,7,7,7,14,7
official.campaign.resistance.cutscenes,sync_dangling,0,0,0,0,14,0
official.campaign.resistance.cutscenes,sync_ids,0,0,0,0,14,0
official.campaign.resistance.cutscenes,sync_wp_trig,0,0,0,0,14,0
official.campaign.resistance.cutscenes,sync_wp_wp,0,0,0,0,14,0
official.campaign.resistance.cutscenes,trig_area,0,0,0,0,14,0
official.campaign.resistance.cutscenes,trig_attached_object,0,0,0,0,14,0
official.campaign.resistance.cutscenes,trig_cond_true,0,0,0,0,14,0
official.campaign.resistance.cutscenes,trig_condition_only,0,0,0,0,14,0
official.campaign.resistance.cutscenes,trig_countdown_mode,0,0,0,0,14,0
official.campaign.resistance.cutscenes,trig_custom_cond,0,0,0,0,14,0
official.campaign.resistance.cutscenes,trig_effects,0,0,0,0,14,0
official.campaign.resistance.cutscenes,trig_end,0,0,0,0,14,0
official.campaign.resistance.cutscenes,trig_group_attached,0,0,0,0,14,0
official.campaign.resistance.cutscenes,trig_guarded,0,0,0,0,14,0
official.campaign.resistance.cutscenes,trig_lose,0,0,0,0,14,0
official.campaign.resistance.cutscenes,trig_named,0,0,0,0,14,0
official.campaign.resistance.cutscenes,trig_onact,0,0,0,0,14,0
official.campaign.resistance.cutscenes,trig_ondeact,0,0,0,0,14,0
official.campaign.resistance.cutscenes,trig_radio,0,0,0,0,14,0
official.campaign.resistance.cutscenes,trig_rect,0,0,0,0,14,0
official.campaign.resistance.cutscenes,trig_repeating,0,0,0,0,14,0
official.campaign.resistance.cutscenes,trig_switch,0,0,0,0,14,0
official.campaign.resistance.cutscenes,trig_synced,0,0,0,0,14,0
official.campaign.resistance.cutscenes,trig_text,0,0,0,0,14,0
official.campaign.resistance.cutscenes,trig_timeout_mode,0,0,0,0,14,0
official.campaign.resistance.cutscenes,trig_timer,0,0,0,0,14,0
official.campaign.resistance.cutscenes,triggers,0,0,0,0,14,0
official.campaign.resistance.cutscenes,units,0,0,0,0,14,0
official.campaign.resistance.cutscenes,units_kind_air,0,0,0,0,14,0
official.campaign.resistance.cutscenes,units_kind_armored,0,0,0,0,14,0
official.campaign.resistance.cutscenes,units_kind_car,0,0,0,0,14,0
official.campaign.resistance.cutscenes,units_kind_men,0,0,0,0,14,0
official.campaign.resistance.cutscenes,units_kind_ship,0,0,0,0,14,0
official.campaign.resistance.cutscenes,units_kind_static,0,0,0,0,14,0
official.campaign.resistance.cutscenes,units_kind_support,0,0,0,0,14,0
official.campaign.resistance.cutscenes,units_kind_unknown,0,0,0,0,14,0
official.campaign.resistance.cutscenes,waypoints,0,0,0,0,14,0
official.campaign.resistance.cutscenes,wp_and,0,0,0,0,14,0
official.campaign.resistance.cutscenes,wp_cycle,0,0,0,0,14,0
official.campaign.resistance.cutscenes,wp_destroy,0,0,0,0,14,0
official.campaign.resistance.cutscenes,wp_getin,0,0,0,0,14,0
official.campaign.resistance.cutscenes,wp_getout,0,0,0,0,14,0
official.campaign.resistance.cutscenes,wp_guard,0,0,0,0,14,0
official.campaign.resistance.cutscenes,wp_hold,0,0,0,0,14,0
official.campaign.resistance.cutscenes,wp_join,0,0,0,0,14,0
official.campaign.resistance.cutscenes,wp_leader,0,0,0,0,14,0
official.campaign.resistance.cutscenes,wp_load,0,0,0,0,14,0
official.campaign.resistance.cutscenes,wp_move,0,0,0,0,14,0
official.campaign.resistance.cutscenes,wp_or,0,0,0,0,14,0
official.campaign.resistance.cutscenes,wp_sad,0,0,0,0,14,0
official.campaign.resistance.cutscenes,wp_scripted,0,0,0,0,14,0
official.campaign.resistance.cutscenes,wp_sentry,0,0,0,0,14,0
official.campaign.resistance.cutscenes,wp_support,0,0,0,0,14,0
official.campaign.resistance.cutscenes,wp_talk,0,0,0,0,14,0
official.campaign.resistance.cutscenes,wp_tr_unload,0,0,0,0,14,0
official.campaign.resistance.cutscenes,wp_unload,0,0,0,0,14,0
official.campaign.resistance.interludes,addons_required,0,0,0.600,1,5,0.200
official.campaign.resistance.interludes,any_placement_radius,0,0,0,0,5,0
official.campaign.resistance.interludes,any_presence_condition,0,0,0,0,5,0
official.campaign.resistance.interludes,any_presence_random,0,0,0,0,5,0
official.campaign.resistance.interludes,ao_extent_m,42.062,42.062,42.062,42.062,1,42.062
official.campaign.resistance.interludes,briefing_debrief_sections,6,6,6,6,1,6
official.campaign.resistance.interludes,briefing_has_plan,1,1,1,1,1,1
official.campaign.resistance.interludes,briefing_images,0,0,0,0,1,0
official.campaign.resistance.interludes,briefing_languages,0,0,1.200,2,5,0.400
official.campaign.resistance.interludes,briefing_marker_links,1,1,1,1,1,1
official.campaign.resistance.interludes,briefing_objectives,1,1,1,1,1,1
official.campaign.resistance.interludes,briefing_side_variants,0,0,0,0,1,0
official.campaign.resistance.interludes,briefing_words_debriefing,14,14,14,14,1,14
official.campaign.resistance.interludes,briefing_words_main,34,34,34,34,1,34
official.campaign.resistance.interludes,briefing_words_notes_plan,55,55,55,55,1,55
official.campaign.resistance.interludes,briefing_words_objectives,5,5,5,5,1,5
official.campaign.resistance.interludes,briefing_words_plan,21,21,21,21,1,21
official.campaign.resistance.interludes,briefing_words_total,74,74,74,74,1,74
official.campaign.resistance.interludes,civ_units,0,0,0,0,1,0
official.campaign.resistance.interludes,desc_cfgidentities_entries,0,0,0,0,5,0
official.campaign.resistance.interludes,desc_cfgmusic_entries,0,0,0,0,5,0
official.campaign.resistance.interludes,desc_cfgradio_entries,1,1,1,1,5,1
official.campaign.resistance.interludes,desc_cfgsounds_entries,1,4,5.200,6,5,3.400
official.campaign.resistance.interludes,desc_has_gear_pool,0,0,0,0,5,0
official.campaign.resistance.interludes,desc_has_identities,0,0,0,0,5,0
official.campaign.resistance.interludes,desc_has_params,0,0,0,0,5,0
official.campaign.resistance.interludes,desc_has_respawn,0,0,0,0,5,0
official.campaign.resistance.interludes,desc_magazines_entries,0,0,0,0,5,0
official.campaign.resistance.interludes,desc_rsctitles_entries,0,0,0,0,5,0
official.campaign.resistance.interludes,desc_top_classes,4,4,4,4,5,4
official.campaign.resistance.interludes,desc_top_keys,4,4,5.800,7,5,4.600
official.campaign.resistance.interludes,desc_weapons_entries,0,0,0,0,5,0
official.campaign.resistance.interludes,distinct_end_types,0,0,0.600,1,5,0.200
official.campaign.resistance.interludes,empty_kind_objects,0,0,0,0,5,0
official.campaign.resistance.interludes,empty_kind_vehicles,0,0,0,0,5,0
official.campaign.resistance.interludes,empty_named,0,0,0,0,5,0
official.campaign.resistance.interludes,empty_vehicles,0,0,0,0,5,0
official.campaign.resistance.interludes,empty_with_init,0,0,0,0,5,0
official.campaign.resistance.interludes,enemy_to_friendly_ratio,3,3,3,3,1,3
official.campaign.resistance.interludes,enemy_units,3,3,3,3,1,3
official.campaign.resistance.interludes,files,5,12,14.400,16,5,11
official.campaign.resistance.interludes,folder_kb,9.541,341.168,461.765,540.351,5,290.634
official.campaign.resistance.interludes,friendly_units,1,1,1,1,1,1
official.campaign.resistance.interludes,fx_camera,0,0,0,0,5,0
official.campaign.resistance.interludes,fx_music,0,0,0,0,5,0
official.campaign.resistance.interludes,fx_sound_or_voice,0,0,0.600,1,5,0.200
official.campaign.resistance.interludes,fx_title,0,0,0,0,5,0
official.campaign.resistance.interludes,groups,0,0,2.400,4,5,0.800
official.campaign.resistance.interludes,groups_over_12,0,0,0,0,5,0
official.campaign.resistance.interludes,has_any_cutscene_section,1,1,1,1,5,1
official.campaign.resistance.interludes,has_briefing,0,0,0.600,1,5,0.200
official.campaign.resistance.interludes,has_description_ext,1,1,1,1,5,1
official.campaign.resistance.interludes,has_end_trigger,0,0,0.600,1,5,0.200
official.campaign.resistance.interludes,has_intro,1,1,1,1,5,1
official.campaign.resistance.interludes,has_lose_trigger,0,0,0,0,5,0
official.campaign.resistance.interludes,has_outroloose,0,0,0,0,5,0
official.campaign.resistance.interludes,has_outrowin,0,0,0,0,5,0
official.campaign.resistance.interludes,has_overview,0,0,0,0,5,0
official.campaign.resistance.interludes,has_script_exit,0,0,0.600,1,5,0.200
official.campaign.resistance.interludes,has_script_init,0,0,0.600,1,5,0.200
official.campaign.resistance.interludes,has_script_intro,1,1,1,1,5,1
official.campaign.resistance.interludes,has_script_intro_any,1,1,1,1,5,1
official.campaign.resistance.interludes,has_script_outro,0,0,0.600,1,5,0.200
official.campaign.resistance.interludes,has_script_outro2,0,0,0,0,5,0
official.campaign.resistance.interludes,has_script_outro_any,0,0,0.600,1,5,0.200
official.campaign.resistance.interludes,has_stringtable,1,1,1,1,5,1
official.campaign.resistance.interludes,image_files,0,0,0,0,5,0
official.campaign.resistance.interludes,intro_triggers,1,1,2.600,3,5,1.600
official.campaign.resistance.interludes,intro_units,2,8,9,9,5,6.200
official.campaign.resistance.interludes,intro_waypoints,0,0,2.800,4,5,1
official.campaign.resistance.interludes,is_dawn_dusk_start,0,0,0,0,5,0
official.campaign.resistance.interludes,is_night_start,0,0,0,0,5,0
official.campaign.resistance.interludes,lip_files,0,4,5.200,6,5,2.800
official.campaign.resistance.interludes,markers,0,0,0,0,5,0
official.campaign.resistance.interludes,markers_area,0,0,0,0,5,0
official.campaign.resistance.interludes,markers_hidden_empty,0,0,0,0,5,0
official.campaign.resistance.interludes,markers_icon,0,0,0,0,5,0
official.campaign.resistance.interludes,markers_with_text,0,0,0,0,5,0
official.campaign.resistance.interludes,objects_total,0,0,7.200,12,5,2.400
official.campaign.resistance.interludes,playable_units,0,0,0.600,1,5,0.200
official.campaign.resistance.interludes,player_units,0,0,0.600,1,5,0.200
official.campaign.resistance.interludes,script_camcreate_calls,1,1,2.200,3,5,1.400
official.campaign.resistance.interludes,script_endmission_calls,0,0,0,0,5,0
official.campaign.resistance.interludes,script_files,1,1,3.400,5,5,1.800
official.campaign.resistance.interludes,script_lines,37,60,83.200,88,5,61
official.campaign.resistance.interludes,script_objstatus_calls,0,0,0.600,1,5,0.200
official.campaign.resistance.interludes,share_groups_no_wp,1,1,1,1,1,1
official.campaign.resistance.interludes,share_groups_patrol_cycle,0,0,0,0,1,0
official.campaign.resistance.interludes,share_groups_single_unit,1,1,1,1,1,1
official.campaign.resistance.interludes,share_units_cargo,0,0,0,0,1,0
official.campaign.resistance.interludes,share_units_fly,0,0,0,0,1,0
official.campaign.resistance.interludes,share_units_init_exec,0,0,0,0,1,0
official.campaign.resistance.interludes,share_units_named,0.250,0.250,0.250,0.250,1,0.250
official.campaign.resistance.interludes,share_units_none_special,0,0,0,0,1,0
official.campaign.resistance.interludes,share_units_with_init,1,1,1,1,1,1
official.campaign.resistance.interludes,sides_present,0,0,1.200,2,5,0.400
official.campaign.resistance.interludes,sound_files,0,4,5.200,6,5,3
official.campaign.resistance.interludes,sqm_text_kb,2.575,7.336,8.723,9.566,5,5.952
official.campaign.resistance.interludes,start_fog,0,0,0.200,0.200,5,0.080
official.campaign.resistance.interludes,start_hour,7,9,9.600,10,5,8.400
official.campaign.resistance.interludes,start_overcast,0.500,0.506,0.551,0.581,5,0.519
official.campaign.resistance.interludes,stringtable_en_words,7,49,81,91,5,50
official.campaign.resistance.interludes,stringtable_keys,2,5,6.200,7,5,4.400
official.campaign.resistance.interludes,stringtable_languages,7,7,7,7,5,7
official.campaign.resistance.interludes,sync_dangling,0,0,0,0,5,0
official.campaign.resistance.interludes,sync_ids,0,0,0,0,5,0
official.campaign.resistance.interludes,sync_wp_trig,0,0,0,0,5,0
official.campaign.resistance.interludes,sync_wp_wp,0,0,0,0,5,0
official.campaign.resistance.interludes,trig_area,0,0,1.800,3,5,0.600
official.campaign.resistance.interludes,trig_area_radius_m_median,75,75,75,75,1,75
official.campaign.resistance.interludes,trig_attached_object,0,0,1.800,3,5,0.600
official.campaign.resistance.interludes,trig_cond_true,0,0,0.600,1,5,0.200
official.campaign.resistance.interludes,trig_condition_only,0,0,3,5,5,1
official.campaign.resistance.interludes,trig_countdown_mode,0,0,0,0,5,0
official.campaign.resistance.interludes,trig_custom_cond,0,0,4.200,7,5,1.400
official.campaign.resistance.interludes,trig_effects,0,0,1.200,2,5,0.400
official.campaign.resistance.interludes,trig_end,0,0,0.600,1,5,0.200
official.campaign.resistance.interludes,trig_group_attached,0,0,0,0,5,0
official.campaign.resistance.interludes,trig_guarded,0,0,0,0,5,0
official.campaign.resistance.interludes,trig_lose,0,0,0,0,5,0
official.campaign.resistance.interludes,trig_named,0,0,0,0,5,0
official.campaign.resistance.interludes,trig_onact,0,0,3.600,6,5,1.200
official.campaign.resistance.interludes,trig_ondeact,0,0,0,0,5,0
official.campaign.resistance.interludes,trig_radio,0,0,0,0,5,0
official.campaign.resistance.interludes,trig_rect,0,0,1.200,2,5,0.400
official.campaign.resistance.interludes,trig_repeating,0,0,1.200,2,5,0.400
official.campaign.resistance.interludes,trig_switch,0,0,0.600,1,5,0.200
official.campaign.resistance.interludes,trig_synced,0,0,0,0,5,0
official.campaign.resistance.interludes,trig_text,0,0,4.800,8,5,1.600
official.campaign.resistance.interludes,trig_timeout_mode,0,0,1.200,2,5,0.400
official.campaign.resistance.interludes,trig_timer,0,0,1.200,2,5,0.400
official.campaign.resistance.interludes,triggers,0,0,4.800,8,5,1.600
official.campaign.resistance.interludes,units,0,0,2.400,4,5,0.800
official.campaign.resistance.interludes,units_alt_start_markers,0,0,0,0,1,0
official.campaign.resistance.interludes,units_damaged_or_low,0,0,0,0,1,0
official.campaign.resistance.interludes,units_kind_air,0,0,0,0,5,0
official.campaign.resistance.interludes,units_kind_armored,0,0,0,0,5,0
official.campaign.resistance.interludes,units_kind_car,0,0,0,0,5,0
official.campaign.resistance.interludes,units_kind_men,0,0,2.400,4,5,0.800
official.campaign.resistance.interludes,units_kind_ship,0,0,0,0,5,0
official.campaign.resistance.interludes,units_kind_static,0,0,0,0,5,0
official.campaign.resistance.interludes,units_kind_support,0,0,0,0,5,0
official.campaign.resistance.interludes,units_kind_unknown,0,0,0,0,5,0
official.campaign.resistance.interludes,units_per_group_max,1,1,1,1,1,1
official.campaign.resistance.interludes,units_per_group_median,1,1,1,1,1,1
official.campaign.resistance.interludes,units_placement_radius,0,0,0,0,1,0
official.campaign.resistance.interludes,units_presence_cond,0,0,0,0,1,0
official.campaign.resistance.interludes,units_presence_lt1,0,0,0,0,1,0
official.campaign.resistance.interludes,waypoints,0,0,0,0,5,0
official.campaign.resistance.interludes,wp_and,0,0,0,0,5,0
official.campaign.resistance.interludes,wp_cycle,0,0,0,0,5,0
official.campaign.resistance.interludes,wp_destroy,0,0,0,0,5,0
official.campaign.resistance.interludes,wp_getin,0,0,0,0,5,0
official.campaign.resistance.interludes,wp_getout,0,0,0,0,5,0
official.campaign.resistance.interludes,wp_guard,0,0,0,0,5,0
official.campaign.resistance.interludes,wp_hold,0,0,0,0,5,0
official.campaign.resistance.interludes,wp_join,0,0,0,0,5,0
official.campaign.resistance.interludes,wp_leader,0,0,0,0,5,0
official.campaign.resistance.interludes,wp_load,0,0,0,0,5,0
official.campaign.resistance.interludes,wp_move,0,0,0,0,5,0
official.campaign.resistance.interludes,wp_or,0,0,0,0,5,0
official.campaign.resistance.interludes,wp_sad,0,0,0,0,5,0
official.campaign.resistance.interludes,wp_scripted,0,0,0,0,5,0
official.campaign.resistance.interludes,wp_sentry,0,0,0,0,5,0
official.campaign.resistance.interludes,wp_support,0,0,0,0,5,0
official.campaign.resistance.interludes,wp_talk,0,0,0,0,5,0
official.campaign.resistance.interludes,wp_tr_unload,0,0,0,0,5,0
official.campaign.resistance.interludes,wp_unload,0,0,0,0,5,0
official.campaign.resistance.interludes,wps_per_group_mean,0,0,0,0,1,0
official.campaign.resistance.missions,addons_required,1,2,3.100,5,20,2.300
official.campaign.resistance.missions,any_placement_radius,0,0,0,0,20,0
official.campaign.resistance.missions,any_presence_condition,0,0,0,0,20,0
official.campaign.resistance.missions,any_presence_random,0,0,0.100,1,20,0.100
official.campaign.resistance.missions,ao_extent_m,1390.966,4364.462,7313.724,11182.953,20,4871.670
official.campaign.resistance.missions,briefing_debrief_sections,5,6,6,6,19,5.947
official.campaign.resistance.missions,briefing_has_plan,1,1,1,1,19,1
official.campaign.resistance.missions,briefing_images,0,0,0,1,19,0.053
official.campaign.resistance.missions,briefing_languages,0,6,6,6,20,5.700
official.campaign.resistance.missions,briefing_marker_links,2,5,7.200,10,19,4.947
official.campaign.resistance.missions,briefing_objectives,1,3,5,9,19,3.421
official.campaign.resistance.missions,briefing_side_variants,0,0,0,0,19,0
official.campaign.resistance.missions,briefing_words_debriefing,10,34,65,98,19,40.263
official.campaign.resistance.missions,briefing_words_main,21,80,108.200,121,19,75.895
official.campaign.resistance.missions,briefing_words_notes_plan,24,108,134,150,19,101.474
official.campaign.resistance.missions,briefing_words_objectives,18,58,123,135,19,70.789
official.campaign.resistance.missions,briefing_words_plan,3,27,34,35,19,25.579
official.campaign.resistance.missions,briefing_words_total,129,238,302.200,399,19,230.842
official.campaign.resistance.missions,civ_units,0,0,4.300,46,20,3.150
official.campaign.resistance.missions,desc_cfgidentities_entries,0,0,0,0,20,0
official.campaign.resistance.missions,desc_cfgmusic_entries,0,0,0,0,20,0
official.campaign.resistance.missions,desc_cfgradio_entries,1,5,18.100,20,20,7.450
official.campaign.resistance.missions,desc_cfgsounds_entries,1,4,35.200,55,20,12.550
official.campaign.resistance.missions,desc_has_gear_pool,0,0,0,0,20,0
official.campaign.resistance.missions,desc_has_identities,0,0,0,0,20,0
official.campaign.resistance.missions,desc_has_params,0,0,0,0,20,0
official.campaign.resistance.missions,desc_has_respawn,0,0,0,0,20,0
official.campaign.resistance.missions,desc_magazines_entries,0,0,0,0,20,0
official.campaign.resistance.missions,desc_rsctitles_entries,0,0,0,4,20,0.200
official.campaign.resistance.missions,desc_top_classes,4,4,4,9,20,4.250
official.campaign.resistance.missions,desc_top_keys,6,7,7,9,20,6.950
official.campaign.resistance.missions,desc_weapons_entries,0,0,0,0,20,0
official.campaign.resistance.missions,distinct_end_types,1,1,2,4,20,1.350
official.campaign.resistance.missions,empty_kind_objects,1,18.500,46,54,20,20.250
official.campaign.resistance.missions,empty_kind_vehicles,1,8.500,17.300,22,20,9.450
official.campaign.resistance.missions,empty_named,0,3.500,11.100,13,20,5.100
official.campaign.resistance.missions,empty_vehicles,4,27.500,59,76,20,29.700
official.campaign.resistance.missions,empty_with_init,0,1,4,5,20,1.600
official.campaign.resistance.missions,enemy_to_friendly_ratio,0,2.411,4.454,30,20,3.715
official.campaign.resistance.missions,enemy_units,0,50,87,116,20,54.150
official.campaign.resistance.missions,files,16,33.500,99.500,125,20,45.950
official.campaign.resistance.missions,folder_kb,225.277,1233.544,4269.781,5708.628,20,1965.739
official.campaign.resistance.missions,friendly_units,1,27,46.200,80,20,29.200
official.campaign.resistance.missions,fx_camera,0,0,0,0,20,0
official.campaign.resistance.missions,fx_music,0,0,0,0,20,0
official.campaign.resistance.missions,fx_sound_or_voice,0,0,2,2,20,0.400
official.campaign.resistance.missions,fx_title,0,1,2,2,20,1.200
official.campaign.resistance.missions,groups,18,43.500,57.500,63,20,42.150
official.campaign.resistance.missions,groups_over_12,0,0,0,0,20,0
official.campaign.resistance.missions,has_any_cutscene_section,0,1,1,1,20,0.550
official.campaign.resistance.missions,has_briefing,0,1,1,1,20,0.950
official.campaign.resistance.missions,has_description_ext,1,1,1,1,20,1
official.campaign.resistance.missions,has_end_trigger,1,1,1,1,20,1
official.campaign.resistance.missions,has_intro,0,1,1,1,20,0.550
official.campaign.resistance.missions,has_lose_trigger,0,0,0.100,1,20,0.100
official.campaign.resistance.missions,has_outroloose,0,0,0,0,20,0
official.campaign.resistance.missions,has_outrowin,0,0,0,0,20,0
official.campaign.resistance.missions,has_overview,1,1,1,1,20,1
official.campaign.resistance.missions,has_script_exit,0,1,1,1,20,0.900
official.campaign.resistance.missions,has_script_init,1,1,1,1,20,1
official.campaign.resistance.missions,has_script_intro,0,0.500,1,1,20,0.500
official.campaign.resistance.missions,has_script_intro_any,0,1,1,1,20,0.550
official.campaign.resistance.missions,has_script_outro,0,1,1,1,20,0.950
official.campaign.resistance.missions,has_script_outro2,0,0,1,1,20,0.150
official.campaign.resistance.missions,has_script_outro_any,1,1,1,1,20,1
official.campaign.resistance.missions,has_stringtable,1,1,1,1,20,1
official.campaign.resistance.missions,image_files,1,1,1.100,2,20,1.100
official.campaign.resistance.missions,intro_triggers,2,3,9,21,11,5.545
official.campaign.resistance.missions,intro_units,6,17,42,45,11,23.545
official.campaign.resistance.missions,intro_waypoints,2,13,28,32,11,14.636
official.campaign.resistance.missions,is_dawn_dusk_start,0,0,1,1,20,0.200
official.campaign.resistance.missions,is_night_start,0,0,0.100,1,20,0.100
official.campaign.resistance.missions,lip_files,0,3,33.800,42,20,10.500
official.campaign.resistance.missions,markers,3,18,49.100,93,20,24.900
official.campaign.resistance.missions,markers_area,0,2.500,6,6,20,3.050
official.campaign.resistance.missions,markers_hidden_empty,0,1,9.900,43,20,4.700
official.campaign.resistance.missions,markers_icon,2,14,48.700,91,20,21.850
official.campaign.resistance.missions,markers_with_text,1,3,5,6,20,2.950
official.campaign.resistance.missions,objects_total,132,253.500,360,384,20,266.650
official.campaign.resistance.missions,overview_has_image,1,1,1,1,20,1
official.campaign.resistance.missions,overview_words,0,0,0,0,20,0
official.campaign.resistance.missions,playable_units,1,1,1,1,20,1
official.campaign.resistance.missions,player_route_m,534.491,1895.035,3924.195,8014.411,20,2502.050
official.campaign.resistance.missions,player_units,1,1,1,1,20,1
official.campaign.resistance.missions,script_camcreate_calls,1,2,6.200,8,20,2.650
official.campaign.resistance.missions,script_endmission_calls,0,0,0,0,20,0
official.campaign.resistance.missions,script_files,3,4,10,14,20,5.400
official.campaign.resistance.missions,script_lines,116,236,599.500,1503,20,360.850
official.campaign.resistance.missions,script_objstatus_calls,0,0,3.200,10,20,1.250
official.campaign.resistance.missions,share_groups_no_wp,0,0.419,0.576,0.730,20,0.402
official.campaign.resistance.missions,share_groups_patrol_cycle,0,0.111,0.259,0.434,20,0.117
official.campaign.resistance.missions,share_groups_single_unit,0.321,0.622,0.776,0.906,20,0.624
official.campaign.resistance.missions,share_units_cargo,0,0,0.001,0.024,20,0.002
official.campaign.resistance.missions,share_units_fly,0,0,0,0.012,20,0.001
official.campaign.resistance.missions,share_units_init_exec,0,0,0.002,0.021,20,0.002
official.campaign.resistance.missions,share_units_named,0.102,0.299,0.474,0.588,20,0.324
official.campaign.resistance.missions,share_units_none_special,0,0,0.012,0.100,20,0.007
official.campaign.resistance.missions,share_units_with_init,0.062,0.127,0.186,0.231,20,0.125
official.campaign.resistance.missions,share_wp_attached,0,0.083,0.130,0.203,20,0.074
official.campaign.resistance.missions,share_wp_cond,0,0,0.024,0.159,20,0.014
official.campaign.resistance.missions,share_wp_description,0,0.026,0.046,0.050,20,0.027
official.campaign.resistance.missions,share_wp_effects,0,0,0,0,20,0
official.campaign.resistance.missions,share_wp_onact,0,0.045,0.152,0.227,20,0.063
official.campaign.resistance.missions,share_wp_script,0,0,0,0,20,0
official.campaign.resistance.missions,share_wp_showwp_never,0.976,1,1,1,20,0.998
official.campaign.resistance.missions,share_wp_synced,0.087,0.182,0.295,0.310,20,0.193
official.campaign.resistance.missions,share_wp_timeout,0,0.150,0.287,0.304,20,0.161
official.campaign.resistance.missions,sides_present,2,2.500,3,3,20,2.500
official.campaign.resistance.missions,sound_files,2,14.500,43,62,20,19.200
official.campaign.resistance.missions,sqm_text_kb,47.110,80.251,98.704,115.068,20,77.293
official.campaign.resistance.missions,start_fog,0,0.231,0.361,0.507,20,0.191
official.campaign.resistance.missions,start_hour,4,7,12.700,23,20,8.950
official.campaign.resistance.missions,start_overcast,0,0.284,0.738,0.944,20,0.353
official.campaign.resistance.missions,stringtable_en_words,32,190.500,764.100,1040,20,334.450
official.campaign.resistance.missions,stringtable_keys,4,20.500,54.200,76,20,26.750
official.campaign.resistance.missions,stringtable_languages,7,7,7,7,20,7
official.campaign.resistance.missions,sync_dangling,0,0,0,0,20,0
official.campaign.resistance.missions,sync_ids,6,10,19.500,29,20,12.250
official.campaign.resistance.missions,sync_wp_trig,0,8,15.600,22,20,9.550
official.campaign.resistance.missions,sync_wp_wp,0,2,6.200,9,20,2.700
official.campaign.resistance.missions,trig_area,5,9,14,16,20,9.900
official.campaign.resistance.missions,trig_area_radius_m_median,50,475,1290,2850,20,750.500
official.campaign.resistance.missions,trig_attached_object,0,4,7.100,9,20,4.200
official.campaign.resistance.missions,trig_cond_true,1,6,12.700,21,20,7.250
official.campaign.resistance.missions,trig_condition_only,6,45.500,64.900,78,20,44.500
official.campaign.resistance.missions,trig_countdown_mode,0,32,48,59,20,28.600
official.campaign.resistance.missions,trig_custom_cond,9,52,73,85,20,51.650
official.campaign.resistance.missions,trig_effects,1,36,59.600,66,20,34.550
official.campaign.resistance.missions,trig_end,1,1,2,4,20,1.350
official.campaign.resistance.missions,trig_group_attached,0,0,0,0,20,0
official.campaign.resistance.missions,trig_guarded,0,0,0,1,20,0.050
official.campaign.resistance.missions,trig_lose,0,0,0.100,1,20,0.100
official.campaign.resistance.missions,trig_named,0,0,1,4,20,0.350
official.campaign.resistance.missions,trig_onact,11,19,26.300,51,20,20.600
official.campaign.resistance.missions,trig_ondeact,1,1,3.200,6,20,1.750
official.campaign.resistance.missions,trig_radio,0,0,2,3,20,0.550
official.campaign.resistance.missions,trig_rect,0,6,14.400,22,20,6.900
official.campaign.resistance.missions,trig_repeating,1,2,6.300,12,20,3
official.campaign.resistance.missions,trig_switch,0,3,5,6,20,2.750
official.campaign.resistance.missions,trig_synced,0,4,6,7,20,4
official.campaign.resistance.missions,trig_text,15,53.500,75,88,20,54.900
official.campaign.resistance.missions,trig_timeout_mode,4,8,12,13,20,8.300
official.campaign.resistance.missions,trig_timer,7,37.500,52.600,69,20,36.900
official.campaign.resistance.missions,triggers,15,53.500,75.100,88,20,54.950
official.campaign.resistance.missions,units,32,81,126.900,146,20,84.550
official.campaign.resistance.missions,units_alt_start_markers,0,0,0.100,2,20,0.150
official.campaign.resistance.missions,units_damaged_or_low,0,0,1.100,3,20,0.550
official.campaign.resistance.missions,units_kind_air,0,0,0,1,20,0.050
official.campaign.resistance.missions,units_kind_armored,4,16,27.100,30,20,16.250
official.campaign.resistance.missions,units_kind_car,0,0,2.100,14,20,1.200
official.campaign.resistance.missions,units_kind_men,17,64,113,116,20,65.750
official.campaign.resistance.missions,units_kind_ship,0,0,0,0,20,0
official.campaign.resistance.missions,units_kind_static,0,0,0,0,20,0
official.campaign.resistance.missions,units_kind_support,0,0,2,3,20,0.600
official.campaign.resistance.missions,units_kind_unknown,0,0,0,0,20,0
official.campaign.resistance.missions,units_per_group_max,4,8,9,9,20,7.650
official.campaign.resistance.missions,units_per_group_median,1,1,2,3,20,1.275
official.campaign.resistance.missions,units_placement_radius,0,0,0,0,20,0
official.campaign.resistance.missions,units_presence_cond,0,0,0,0,20,0
official.campaign.resistance.missions,units_presence_lt1,0,0,0.300,3,20,0.300
official.campaign.resistance.missions,waypoints,42,65.500,112.300,148,20,72.550
official.campaign.resistance.missions,wp_and,0,0,6.300,15,20,2.300
official.campaign.resistance.missions,wp_cycle,0,4,11.700,24,20,5.850
official.campaign.resistance.missions,wp_destroy,0,0,1,3,20,0.250
official.campaign.resistance.missions,wp_getin,0,3,7,12,20,3.850
official.campaign.resistance.missions,wp_getout,0,1,3,4,20,1.150
official.campaign.resistance.missions,wp_guard,0,2.500,6.100,8,20,2.850
official.campaign.resistance.missions,wp_hold,6,12.500,18,19,20,12.550
official.campaign.resistance.missions,wp_join,0,0,4.400,9,20,1.400
official.campaign.resistance.missions,wp_leader,0,0,0,0,20,0
official.campaign.resistance.missions,wp_leg_m_median,5.297,44.078,162.615,293.694,20,75.152
official.campaign.resistance.missions,wp_load,0,0,0,0,20,0
official.campaign.resistance.missions,wp_move,12,34,58.500,93,20,35.450
official.campaign.resistance.missions,wp_or,0,0,0,0,20,0
official.campaign.resistance.missions,wp_sad,1,4.500,12.100,15,20,6.200
official.campaign.resistance.missions,wp_scripted,0,0,0,0,20,0
official.campaign.resistance.missions,wp_sentry,0,0,0,0,20,0
official.campaign.resistance.missions,wp_support,0,0,0,0,20,0
official.campaign.resistance.missions,wp_talk,0,0,0,0,20,0
official.campaign.resistance.missions,wp_tr_unload,0,0,2,5,20,0.700
official.campaign.resistance.missions,wp_unload,0,0,0,0,20,0
official.campaign.resistance.missions,wps_per_group_mean,1,1.848,2.679,3.278,20,1.836
official.campaigns.cutscenes,addons_required,0,0,0,4,28,0.214
official.campaigns.cutscenes,any_placement_radius,0,0,0,0,28,0
official.campaigns.cutscenes,any_presence_condition,0,0,0,0,28,0
official.campaigns.cutscenes,any_presence_random,0,0,0,0,28,0
official.campaigns.cutscenes,briefing_languages,0,0,0,0,28,0
official.campaigns.cutscenes,desc_cfgidentities_entries,0,0,0,0,28,0
official.campaigns.cutscenes,desc_cfgmusic_entries,0,0,0,0,28,0
official.campaigns.cutscenes,desc_cfgradio_entries,0,0,1,1,28,0.429
official.campaigns.cutscenes,desc_cfgsounds_entries,2,14,30,39,28,16.857
official.campaigns.cutscenes,desc_has_gear_pool,0,0,1,1,28,0.143
official.campaigns.cutscenes,desc_has_identities,0,0,0,0,28,0
official.campaigns.cutscenes,desc_has_params,0,0,0,0,28,0
official.campaigns.cutscenes,desc_has_respawn,0,0,0,0,28,0
official.campaigns.cutscenes,desc_magazines_entries,0,0,31,31,28,4.429
official.campaigns.cutscenes,desc_rsctitles_entries,0,0,0,18,28,0.964
official.campaigns.cutscenes,desc_top_classes,1,4,6,9,28,4.429
official.campaigns.cutscenes,desc_top_keys,0,0,7,7,28,2.143
official.campaigns.cutscenes,desc_weapons_entries,0,0,25,25,28,3.571
official.campaigns.cutscenes,distinct_end_types,0,0,0,0,28,0
official.campaigns.cutscenes,empty_kind_objects,0,0,0,0,28,0
official.campaigns.cutscenes,empty_kind_vehicles,0,0,0,0,28,0
official.campaigns.cutscenes,empty_named,0,0,0,0,28,0
official.campaigns.cutscenes,empty_vehicles,0,0,0,0,28,0
official.campaigns.cutscenes,empty_with_init,0,0,0,0,28,0
official.campaigns.cutscenes,files,6,34.500,66,84,28,40.107
official.campaigns.cutscenes,folder_kb,107.435,1311.654,2822.206,3163.920,28,1494.316
official.campaigns.cutscenes,fx_camera,0,0,0,0,28,0
official.campaigns.cutscenes,fx_music,0,0,0,0,28,0
official.campaigns.cutscenes,fx_sound_or_voice,0,0,0,0,28,0
official.campaigns.cutscenes,fx_title,0,0,0,0,28,0
official.campaigns.cutscenes,groups,0,0,0,0,28,0
official.campaigns.cutscenes,groups_over_12,0,0,0,0,28,0
official.campaigns.cutscenes,has_any_cutscene_section,1,1,1,1,28,1
official.campaigns.cutscenes,has_briefing,0,0,0,0,28,0
official.campaigns.cutscenes,has_description_ext,1,1,1,1,28,1
official.campaigns.cutscenes,has_end_trigger,0,0,0,0,28,0
official.campaigns.cutscenes,has_intro,1,1,1,1,28,1
official.campaigns.cutscenes,has_lose_trigger,0,0,0,0,28,0
official.campaigns.cutscenes,has_outroloose,0,0,0,0,28,0
official.campaigns.cutscenes,has_outrowin,0,0,0,0,28,0
official.campaigns.cutscenes,has_overview,0,1,1,1,28,0.893
official.campaigns.cutscenes,has_script_exit,0,0,0,0,28,0
official.campaigns.cutscenes,has_script_init,0,0,0,1,28,0.071
official.campaigns.cutscenes,has_script_intro,0,0,1,1,28,0.464
official.campaigns.cutscenes,has_script_intro_any,0,0.500,1,1,28,0.500
official.campaigns.cutscenes,has_script_outro,0,0,0,0,28,0
official.campaigns.cutscenes,has_script_outro2,0,0,0,0,28,0
official.campaigns.cutscenes,has_script_outro_any,0,0,0,0,28,0
official.campaigns.cutscenes,has_stringtable,1,1,1,1,28,1
official.campaigns.cutscenes,image_files,0,1,1,1,28,0.893
official.campaigns.cutscenes,intro_triggers,3,10,20.300,30,28,11.393
official.campaigns.cutscenes,intro_units,3,14.500,62.600,171,28,31.107
official.campaigns.cutscenes,intro_waypoints,0,11,36.900,129,28,18.179
official.campaigns.cutscenes,is_dawn_dusk_start,0,0,0,1,28,0.071
official.campaigns.cutscenes,is_night_start,0,0,0,1,28,0.036
official.campaigns.cutscenes,lip_files,0,13.500,28.600,39,28,15.929
official.campaigns.cutscenes,markers,0,0,0,0,28,0
official.campaigns.cutscenes,markers_area,0,0,0,0,28,0
official.campaigns.cutscenes,markers_hidden_empty,0,0,0,0,28,0
official.campaigns.cutscenes,markers_icon,0,0,0,0,28,0
official.campaigns.cutscenes,markers_with_text,0,0,0,0,28,0
official.campaigns.cutscenes,objects_total,0,0,0,0,28,0
official.campaigns.cutscenes,overview_has_image,1,1,1,1,25,1
official.campaigns.cutscenes,overview_words,0,0,0,0,25,0
official.campaigns.cutscenes,playable_units,0,0,0,0,28,0
official.campaigns.cutscenes,player_units,0,0,0,0,28,0
official.campaigns.cutscenes,script_camcreate_calls,1,1,1,13,28,1.536
official.campaigns.cutscenes,script_endmission_calls,0,0,0,0,28,0
official.campaigns.cutscenes,script_files,1,1,3.600,6,28,1.679
official.campaigns.cutscenes,script_lines,107,298,666.900,1286,28,359.679
official.campaigns.cutscenes,script_objstatus_calls,0,0,0,0,28,0
official.campaigns.cutscenes,sides_present,0,0,0,0,28,0
official.campaigns.cutscenes,sound_files,1,14.500,30.600,39,28,17.643
official.campaigns.cutscenes,sqm_text_kb,5.501,12.479,42.464,145.441,28,24.375
official.campaigns.cutscenes,start_fog,0,0,0,0.363,28,0.026
official.campaigns.cutscenes,start_hour,6,7,11.800,23,28,8.357
official.campaigns.cutscenes,start_overcast,0.088,0.500,0.500,0.844,28,0.498
official.campaigns.cutscenes,stringtable_en_words,2,197,419.800,559,28,227.429
official.campaigns.cutscenes,stringtable_keys,2,15.500,32.600,43,28,17.821
official.campaigns.cutscenes,stringtable_languages,6,6.500,7,7,28,6.500
official.campaigns.cutscenes,sync_dangling,0,0,0,0,28,0
official.campaigns.cutscenes,sync_ids,0,0,0,0,28,0
official.campaigns.cutscenes,sync_wp_trig,0,0,0,0,28,0
official.campaigns.cutscenes,sync_wp_wp,0,0,0,0,28,0
official.campaigns.cutscenes,trig_area,0,0,0,0,28,0
official.campaigns.cutscenes,trig_attached_object,0,0,0,0,28,0
official.campaigns.cutscenes,trig_cond_true,0,0,0,0,28,0
official.campaigns.cutscenes,trig_condition_only,0,0,0,0,28,0
official.campaigns.cutscenes,trig_countdown_mode,0,0,0,0,28,0
official.campaigns.cutscenes,trig_custom_cond,0,0,0,0,28,0
official.campaigns.cutscenes,trig_effects,0,0,0,0,28,0
official.campaigns.cutscenes,trig_end,0,0,0,0,28,0
official.campaigns.cutscenes,trig_group_attached,0,0,0,0,28,0
official.campaigns.cutscenes,trig_guarded,0,0,0,0,28,0
official.campaigns.cutscenes,trig_lose,0,0,0,0,28,0
official.campaigns.cutscenes,trig_named,0,0,0,0,28,0
official.campaigns.cutscenes,trig_onact,0,0,0,0,28,0
official.campaigns.cutscenes,trig_ondeact,0,0,0,0,28,0
official.campaigns.cutscenes,trig_radio,0,0,0,0,28,0
official.campaigns.cutscenes,trig_rect,0,0,0,0,28,0
official.campaigns.cutscenes,trig_repeating,0,0,0,0,28,0
official.campaigns.cutscenes,trig_switch,0,0,0,0,28,0
official.campaigns.cutscenes,trig_synced,0,0,0,0,28,0
official.campaigns.cutscenes,trig_text,0,0,0,0,28,0
official.campaigns.cutscenes,trig_timeout_mode,0,0,0,0,28,0
official.campaigns.cutscenes,trig_timer,0,0,0,0,28,0
official.campaigns.cutscenes,triggers,0,0,0,0,28,0
official.campaigns.cutscenes,units,0,0,0,0,28,0
official.campaigns.cutscenes,units_kind_air,0,0,0,0,28,0
official.campaigns.cutscenes,units_kind_armored,0,0,0,0,28,0
official.campaigns.cutscenes,units_kind_car,0,0,0,0,28,0
official.campaigns.cutscenes,units_kind_men,0,0,0,0,28,0
official.campaigns.cutscenes,units_kind_ship,0,0,0,0,28,0
official.campaigns.cutscenes,units_kind_static,0,0,0,0,28,0
official.campaigns.cutscenes,units_kind_support,0,0,0,0,28,0
official.campaigns.cutscenes,units_kind_unknown,0,0,0,0,28,0
official.campaigns.cutscenes,waypoints,0,0,0,0,28,0
official.campaigns.cutscenes,wp_and,0,0,0,0,28,0
official.campaigns.cutscenes,wp_cycle,0,0,0,0,28,0
official.campaigns.cutscenes,wp_destroy,0,0,0,0,28,0
official.campaigns.cutscenes,wp_getin,0,0,0,0,28,0
official.campaigns.cutscenes,wp_getout,0,0,0,0,28,0
official.campaigns.cutscenes,wp_guard,0,0,0,0,28,0
official.campaigns.cutscenes,wp_hold,0,0,0,0,28,0
official.campaigns.cutscenes,wp_join,0,0,0,0,28,0
official.campaigns.cutscenes,wp_leader,0,0,0,0,28,0
official.campaigns.cutscenes,wp_load,0,0,0,0,28,0
official.campaigns.cutscenes,wp_move,0,0,0,0,28,0
official.campaigns.cutscenes,wp_or,0,0,0,0,28,0
official.campaigns.cutscenes,wp_sad,0,0,0,0,28,0
official.campaigns.cutscenes,wp_scripted,0,0,0,0,28,0
official.campaigns.cutscenes,wp_sentry,0,0,0,0,28,0
official.campaigns.cutscenes,wp_support,0,0,0,0,28,0
official.campaigns.cutscenes,wp_talk,0,0,0,0,28,0
official.campaigns.cutscenes,wp_tr_unload,0,0,0,0,28,0
official.campaigns.cutscenes,wp_unload,0,0,0,0,28,0
official.campaigns.cutscenes+interludes,addons_required,0,0,0,4,55,0.127
official.campaigns.cutscenes+interludes,any_placement_radius,0,0,0,0,55,0
official.campaigns.cutscenes+interludes,any_presence_condition,0,0,0,0,55,0
official.campaigns.cutscenes+interludes,any_presence_random,0,0,0,0,55,0
official.campaigns.cutscenes+interludes,ao_extent_m,42.062,42.062,42.062,42.062,1,42.062
official.campaigns.cutscenes+interludes,briefing_debrief_sections,6,6,6,6,1,6
official.campaigns.cutscenes+interludes,briefing_has_plan,1,1,1,1,1,1
official.campaigns.cutscenes+interludes,briefing_images,0,0,0,0,1,0
official.campaigns.cutscenes+interludes,briefing_languages,0,0,0,2,55,0.036
official.campaigns.cutscenes+interludes,briefing_marker_links,1,1,1,1,1,1
official.campaigns.cutscenes+interludes,briefing_objectives,1,1,1,1,1,1
official.campaigns.cutscenes+interludes,briefing_side_variants,0,0,0,0,1,0
official.campaigns.cutscenes+interludes,briefing_words_debriefing,14,14,14,14,1,14
official.campaigns.cutscenes+interludes,briefing_words_main,34,34,34,34,1,34
official.campaigns.cutscenes+interludes,briefing_words_notes_plan,55,55,55,55,1,55
official.campaigns.cutscenes+interludes,briefing_words_objectives,5,5,5,5,1,5
official.campaigns.cutscenes+interludes,briefing_words_plan,21,21,21,21,1,21
official.campaigns.cutscenes+interludes,briefing_words_total,74,74,74,74,1,74
official.campaigns.cutscenes+interludes,civ_units,0,0,0,0,1,0
official.campaigns.cutscenes+interludes,desc_cfgidentities_entries,0,0,0,0,54,0
official.campaigns.cutscenes+interludes,desc_cfgmusic_entries,0,0,0,0,54,0
official.campaigns.cutscenes+interludes,desc_cfgradio_entries,0,0,1,1,54,0.315
official.campaigns.cutscenes+interludes,desc_cfgsounds_entries,1,3.500,28.700,39,54,9.444
official.campaigns.cutscenes+interludes,desc_has_gear_pool,0,0,0,1,54,0.074
official.campaigns.cutscenes+interludes,desc_has_identities,0,0,0,0,54,0
official.campaigns.cutscenes+interludes,desc_has_params,0,0,0,0,54,0
official.campaigns.cutscenes+interludes,desc_has_respawn,0,0,0,0,54,0
official.campaigns.cutscenes+interludes,desc_magazines_entries,0,0,0,31,54,2.296
official.campaigns.cutscenes+interludes,desc_rsctitles_entries,0,0,0,18,54,0.500
official.campaigns.cutscenes+interludes,desc_top_classes,1,4,5.400,9,54,4.222
official.campaigns.cutscenes+interludes,desc_top_keys,0,1,7,7,54,1.926
official.campaigns.cutscenes+interludes,desc_weapons_entries,0,0,0,25,54,1.852
official.campaigns.cutscenes+interludes,distinct_end_types,0,0,0,1,55,0.018
official.campaigns.cutscenes+interludes,empty_kind_objects,0,0,0,0,55,0
official.campaigns.cutscenes+interludes,empty_kind_vehicles,0,0,0,0,55,0
official.campaigns.cutscenes+interludes,empty_named,0,0,0,0,55,0
official.campaigns.cutscenes+interludes,empty_vehicles,0,0,0,0,55,0
official.campaigns.cutscenes+interludes,empty_with_init,0,0,0,0,55,0
official.campaigns.cutscenes+interludes,enemy_to_friendly_ratio,3,3,3,3,1,3
official.campaigns.cutscenes+interludes,enemy_units,3,3,3,3,1,3
official.campaigns.cutscenes+interludes,files,5,12,62.600,84,55,23.818
official.campaigns.cutscenes+interludes,folder_kb,9.541,341.168,2610.191,3163.920,55,828.228
official.campaigns.cutscenes+interludes,friendly_units,1,1,1,1,1,1
official.campaigns.cutscenes+interludes,fx_camera,0,0,0,0,55,0
official.campaigns.cutscenes+interludes,fx_music,0,0,0,0,55,0
official.campaigns.cutscenes+interludes,fx_sound_or_voice,0,0,0,1,55,0.018
official.campaigns.cutscenes+interludes,fx_title,0,0,0,0,55,0
official.campaigns.cutscenes+interludes,groups,0,0,0,4,55,0.073
official.campaigns.cutscenes+interludes,groups_over_12,0,0,0,0,55,0
official.campaigns.cutscenes+interludes,has_any_cutscene_section,1,1,1,1,55,1
official.campaigns.cutscenes+interludes,has_briefing,0,0,0,1,55,0.018
official.campaigns.cutscenes+interludes,has_description_ext,0,1,1,1,55,0.982
official.campaigns.cutscenes+interludes,has_end_trigger,0,0,0,1,55,0.018
official.campaigns.cutscenes+interludes,has_intro,1,1,1,1,55,1
official.campaigns.cutscenes+interludes,has_lose_trigger,0,0,0,0,55,0
official.campaigns.cutscenes+interludes,has_outroloose,0,0,0,0,55,0
official.campaigns.cutscenes+interludes,has_outrowin,0,0,0,0,55,0
official.campaigns.cutscenes+interludes,has_overview,0,0,1,1,55,0.473
official.campaigns.cutscenes+interludes,has_script_exit,0,0,0,1,55,0.018
official.campaigns.cutscenes+interludes,has_script_init,0,0,0,1,55,0.055
official.campaigns.cutscenes+interludes,has_script_intro,0,1,1,1,55,0.709
official.campaigns.cutscenes+interludes,has_script_intro_any,0,1,1,1,55,0.727
official.campaigns.cutscenes+interludes,has_script_outro,0,0,0,1,55,0.018
official.campaigns.cutscenes+interludes,has_script_outro2,0,0,0,0,55,0
official.campaigns.cutscenes+interludes,has_script_outro_any,0,0,0,1,55,0.018
official.campaigns.cutscenes+interludes,has_stringtable,0,1,1,1,55,0.982
official.campaigns.cutscenes+interludes,image_files,0,0,1,1,55,0.473
official.campaigns.cutscenes+interludes,intro_triggers,1,4,17.800,32,55,6.909
official.campaigns.cutscenes+interludes,intro_units,2,7,59.600,171,55,18.964
official.campaigns.cutscenes+interludes,intro_waypoints,0,1,31.600,129,55,9.964
official.campaigns.cutscenes+interludes,is_dawn_dusk_start,0,0,0,1,55,0.036
official.campaigns.cutscenes+interludes,is_night_start,0,0,0,1,55,0.018
official.campaigns.cutscenes+interludes,lip_files,0,4,25.800,39,55,8.745
official.campaigns.cutscenes+interludes,markers,0,0,0,0,55,0
official.campaigns.cutscenes+interludes,markers_area,0,0,0,0,55,0
official.campaigns.cutscenes+interludes,markers_hidden_empty,0,0,0,0,55,0
official.campaigns.cutscenes+interludes,markers_icon,0,0,0,0,55,0
official.campaigns.cutscenes+interludes,markers_with_text,0,0,0,0,55,0
official.campaigns.cutscenes+interludes,objects_total,0,0,0,12,55,0.218
official.campaigns.cutscenes+interludes,overview_has_image,1,1,1,1,26,1
official.campaigns.cutscenes+interludes,overview_words,0,0,0,0,26,0
official.campaigns.cutscenes+interludes,playable_units,0,0,0,1,55,0.018
official.campaigns.cutscenes+interludes,player_units,0,0,0,1,55,0.018
official.campaigns.cutscenes+interludes,script_camcreate_calls,1,1,1,13,55,1.327
official.campaigns.cutscenes+interludes,script_endmission_calls,0,0,0,0,55,0
official.campaigns.cutscenes+interludes,script_files,1,1,2.600,6,55,1.455
official.campaigns.cutscenes+interludes,script_lines,22,132,491.200,1286,55,212.382
official.campaigns.cutscenes+interludes,script_objstatus_calls,0,0,0,1,55,0.018
official.campaigns.cutscenes+interludes,share_groups_no_wp,1,1,1,1,1,1
official.campaigns.cutscenes+interludes,share_groups_patrol_cycle,0,0,0,0,1,0
official.campaigns.cutscenes+interludes,share_groups_single_unit,1,1,1,1,1,1
official.campaigns.cutscenes+interludes,share_units_cargo,0,0,0,0,1,0
official.campaigns.cutscenes+interludes,share_units_fly,0,0,0,0,1,0
official.campaigns.cutscenes+interludes,share_units_init_exec,0,0,0,0,1,0
official.campaigns.cutscenes+interludes,share_units_named,0.250,0.250,0.250,0.250,1,0.250
official.campaigns.cutscenes+interludes,share_units_none_special,0,0,0,0,1,0
official.campaigns.cutscenes+interludes,share_units_with_init,1,1,1,1,1,1
official.campaigns.cutscenes+interludes,sides_present,0,0,0,2,55,0.036
official.campaigns.cutscenes+interludes,sound_files,0,4,28,39,55,9.636
official.campaigns.cutscenes+interludes,sqm_text_kb,1.617,7.457,40.531,145.441,55,14.715
official.campaigns.cutscenes+interludes,start_fog,0,0,0,0.363,55,0.020
official.campaigns.cutscenes+interludes,start_hour,6,7,9,23,55,7.818
official.campaigns.cutscenes+interludes,start_overcast,0.088,0.500,0.500,0.844,55,0.500
official.campaigns.cutscenes+interludes,stringtable_en_words,2,56.500,399,559,54,134.611
official.campaigns.cutscenes+interludes,stringtable_keys,2,5,27.800,43,54,10.426
official.campaigns.cutscenes+interludes,stringtable_languages,6,6,7,7,54,6.352
official.campaigns.cutscenes+interludes,sync_dangling,0,0,0,0,55,0
official.campaigns.cutscenes+interludes,sync_ids,0,0,0,0,55,0
official.campaigns.cutscenes+interludes,sync_wp_trig,0,0,0,0,55,0
official.campaigns.cutscenes+interludes,sync_wp_wp,0,0,0,0,55,0
official.campaigns.cutscenes+interludes,trig_area,0,0,0,3,55,0.055
official.campaigns.cutscenes+interludes,trig_area_radius_m_median,75,75,75,75,1,75
official.campaigns.cutscenes+interludes,trig_attached_object,0,0,0,3,55,0.055
official.campaigns.cutscenes+interludes,trig_cond_true,0,0,0,1,55,0.018
official.campaigns.cutscenes+interludes,trig_condition_only,0,0,0,5,55,0.091
official.campaigns.cutscenes+interludes,trig_countdown_mode,0,0,0,0,55,0
official.campaigns.cutscenes+interludes,trig_custom_cond,0,0,0,7,55,0.127
official.campaigns.cutscenes+interludes,trig_effects,0,0,0,2,55,0.036
official.campaigns.cutscenes+interludes,trig_end,0,0,0,1,55,0.018
official.campaigns.cutscenes+interludes,trig_group_attached,0,0,0,0,55,0
official.campaigns.cutscenes+interludes,trig_guarded,0,0,0,0,55,0
official.campaigns.cutscenes+interludes,trig_lose,0,0,0,0,55,0
official.campaigns.cutscenes+interludes,trig_named,0,0,0,0,55,0
official.campaigns.cutscenes+interludes,trig_onact,0,0,0,6,55,0.109
official.campaigns.cutscenes+interludes,trig_ondeact,0,0,0,0,55,0
official.campaigns.cutscenes+interludes,trig_radio,0,0,0,0,55,0
official.campaigns.cutscenes+interludes,trig_rect,0,0,0,2,55,0.036
official.campaigns.cutscenes+interludes,trig_repeating,0,0,0,2,55,0.036
official.campaigns.cutscenes+interludes,trig_switch,0,0,0,1,55,0.018
official.campaigns.cutscenes+interludes,trig_synced,0,0,0,0,55,0
official.campaigns.cutscenes+interludes,trig_text,0,0,0,8,55,0.145
official.campaigns.cutscenes+interludes,trig_timeout_mode,0,0,0,2,55,0.036
official.campaigns.cutscenes+interludes,trig_timer,0,0,0,2,55,0.036
official.campaigns.cutscenes+interludes,triggers,0,0,0,8,55,0.145
official.campaigns.cutscenes+interludes,units,0,0,0,4,55,0.073
official.campaigns.cutscenes+interludes,units_alt_start_markers,0,0,0,0,1,0
official.campaigns.cutscenes+interludes,units_damaged_or_low,0,0,0,0,1,0
official.campaigns.cutscenes+interludes,units_kind_air,0,0,0,0,55,0
official.campaigns.cutscenes+interludes,units_kind_armored,0,0,0,0,55,0
official.campaigns.cutscenes+interludes,units_kind_car,0,0,0,0,55,0
official.campaigns.cutscenes+interludes,units_kind_men,0,0,0,4,55,0.073
official.campaigns.cutscenes+interludes,units_kind_ship,0,0,0,0,55,0
official.campaigns.cutscenes+interludes,units_kind_static,0,0,0,0,55,0
official.campaigns.cutscenes+interludes,units_kind_support,0,0,0,0,55,0
official.campaigns.cutscenes+interludes,units_kind_unknown,0,0,0,0,55,0
official.campaigns.cutscenes+interludes,units_per_group_max,1,1,1,1,1,1
official.campaigns.cutscenes+interludes,units_per_group_median,1,1,1,1,1,1
official.campaigns.cutscenes+interludes,units_placement_radius,0,0,0,0,1,0
official.campaigns.cutscenes+interludes,units_presence_cond,0,0,0,0,1,0
official.campaigns.cutscenes+interludes,units_presence_lt1,0,0,0,0,1,0
official.campaigns.cutscenes+interludes,waypoints,0,0,0,0,55,0
official.campaigns.cutscenes+interludes,wp_and,0,0,0,0,55,0
official.campaigns.cutscenes+interludes,wp_cycle,0,0,0,0,55,0
official.campaigns.cutscenes+interludes,wp_destroy,0,0,0,0,55,0
official.campaigns.cutscenes+interludes,wp_getin,0,0,0,0,55,0
official.campaigns.cutscenes+interludes,wp_getout,0,0,0,0,55,0
official.campaigns.cutscenes+interludes,wp_guard,0,0,0,0,55,0
official.campaigns.cutscenes+interludes,wp_hold,0,0,0,0,55,0
official.campaigns.cutscenes+interludes,wp_join,0,0,0,0,55,0
official.campaigns.cutscenes+interludes,wp_leader,0,0,0,0,55,0
official.campaigns.cutscenes+interludes,wp_load,0,0,0,0,55,0
official.campaigns.cutscenes+interludes,wp_move,0,0,0,0,55,0
official.campaigns.cutscenes+interludes,wp_or,0,0,0,0,55,0
official.campaigns.cutscenes+interludes,wp_sad,0,0,0,0,55,0
official.campaigns.cutscenes+interludes,wp_scripted,0,0,0,0,55,0
official.campaigns.cutscenes+interludes,wp_sentry,0,0,0,0,55,0
official.campaigns.cutscenes+interludes,wp_support,0,0,0,0,55,0
official.campaigns.cutscenes+interludes,wp_talk,0,0,0,0,55,0
official.campaigns.cutscenes+interludes,wp_tr_unload,0,0,0,0,55,0
official.campaigns.cutscenes+interludes,wp_unload,0,0,0,0,55,0
official.campaigns.cutscenes+interludes,wps_per_group_mean,0,0,0,0,1,0
official.campaigns.interludes,addons_required,0,0,0,1,27,0.037
official.campaigns.interludes,any_placement_radius,0,0,0,0,27,0
official.campaigns.interludes,any_presence_condition,0,0,0,0,27,0
official.campaigns.interludes,any_presence_random,0,0,0,0,27,0
official.campaigns.interludes,ao_extent_m,42.062,42.062,42.062,42.062,1,42.062
official.campaigns.interludes,briefing_debrief_sections,6,6,6,6,1,6
official.campaigns.interludes,briefing_has_plan,1,1,1,1,1,1
official.campaigns.interludes,briefing_images,0,0,0,0,1,0
official.campaigns.interludes,briefing_languages,0,0,0,2,27,0.074
official.campaigns.interludes,briefing_marker_links,1,1,1,1,1,1
official.campaigns.interludes,briefing_objectives,1,1,1,1,1,1
official.campaigns.interludes,briefing_side_variants,0,0,0,0,1,0
official.campaigns.interludes,briefing_words_debriefing,14,14,14,14,1,14
official.campaigns.interludes,briefing_words_main,34,34,34,34,1,34
official.campaigns.interludes,briefing_words_notes_plan,55,55,55,55,1,55
official.campaigns.interludes,briefing_words_objectives,5,5,5,5,1,5
official.campaigns.interludes,briefing_words_plan,21,21,21,21,1,21
official.campaigns.interludes,briefing_words_total,74,74,74,74,1,74
official.campaigns.interludes,civ_units,0,0,0,0,1,0
official.campaigns.interludes,desc_cfgidentities_entries,0,0,0,0,26,0
official.campaigns.interludes,desc_cfgmusic_entries,0,0,0,0,26,0
official.campaigns.interludes,desc_cfgradio_entries,0,0,1,1,26,0.192
official.campaigns.interludes,desc_cfgsounds_entries,1,1,3,6,26,1.462
official.campaigns.interludes,desc_has_gear_pool,0,0,0,0,26,0
official.campaigns.interludes,desc_has_identities,0,0,0,0,26,0
official.campaigns.interludes,desc_has_params,0,0,0,0,26,0
official.campaigns.interludes,desc_has_respawn,0,0,0,0,26,0
official.campaigns.interludes,desc_magazines_entries,0,0,0,0,26,0
official.campaigns.interludes,desc_rsctitles_entries,0,0,0,0,26,0
official.campaigns.interludes,desc_top_classes,4,4,4,4,26,4
official.campaigns.interludes,desc_top_keys,1,1,4,7,26,1.692
official.campaigns.interludes,desc_weapons_entries,0,0,0,0,26,0
official.campaigns.interludes,distinct_end_types,0,0,0,1,27,0.037
official.campaigns.interludes,empty_kind_objects,0,0,0,0,27,0
official.campaigns.interludes,empty_kind_vehicles,0,0,0,0,27,0
official.campaigns.interludes,empty_named,0,0,0,0,27,0
official.campaigns.interludes,empty_vehicles,0,0,0,0,27,0
official.campaigns.interludes,empty_with_init,0,0,0,0,27,0
official.campaigns.interludes,enemy_to_friendly_ratio,3,3,3,3,1,3
official.campaigns.interludes,enemy_units,3,3,3,3,1,3
official.campaigns.interludes,files,5,6,10.800,16,27,6.926
official.campaigns.interludes,folder_kb,9.541,90.758,267.403,540.351,27,137.471
official.campaigns.interludes,friendly_units,1,1,1,1,1,1
official.campaigns.interludes,fx_camera,0,0,0,0,27,0
official.campaigns.interludes,fx_music,0,0,0,0,27,0
official.campaigns.interludes,fx_sound_or_voice,0,0,0,1,27,0.037
official.campaigns.interludes,fx_title,0,0,0,0,27,0
official.campaigns.interludes,groups,0,0,0,4,27,0.148
official.campaigns.interludes,groups_over_12,0,0,0,0,27,0
official.campaigns.interludes,has_any_cutscene_section,1,1,1,1,27,1
official.campaigns.interludes,has_briefing,0,0,0,1,27,0.037
official.campaigns.interludes,has_description_ext,0,1,1,1,27,0.963
official.campaigns.interludes,has_end_trigger,0,0,0,1,27,0.037
official.campaigns.interludes,has_intro,1,1,1,1,27,1
official.campaigns.interludes,has_lose_trigger,0,0,0,0,27,0
official.campaigns.interludes,has_outroloose,0,0,0,0,27,0
official.campaigns.interludes,has_outrowin,0,0,0,0,27,0
official.campaigns.interludes,has_overview,0,0,0,1,27,0.037
official.campaigns.interludes,has_script_exit,0,0,0,1,27,0.037
official.campaigns.interludes,has_script_init,0,0,0,1,27,0.037
official.campaigns.interludes,has_script_intro,0,1,1,1,27,0.963
official.campaigns.interludes,has_script_intro_any,0,1,1,1,27,0.963
official.campaigns.interludes,has_script_outro,0,0,0,1,27,0.037
official.campaigns.interludes,has_script_outro2,0,0,0,0,27,0
official.campaigns.interludes,has_script_outro_any,0,0,0,1,27,0.037
official.campaigns.interludes,has_stringtable,0,1,1,1,27,0.963
official.campaigns.interludes,image_files,0,0,0,1,27,0.037
official.campaigns.interludes,intro_triggers,1,1,1.400,32,27,2.259
official.campaigns.interludes,intro_units,2,2,8.400,93,27,6.370
official.campaigns.interludes,intro_waypoints,0,0,1,31,27,1.444
official.campaigns.interludes,is_dawn_dusk_start,0,0,0,0,27,0
official.campaigns.interludes,is_night_start,0,0,0,0,27,0
official.campaigns.interludes,lip_files,0,1,2.200,6,27,1.296
official.campaigns.interludes,markers,0,0,0,0,27,0
official.campaigns.interludes,markers_area,0,0,0,0,27,0
official.campaigns.interludes,markers_hidden_empty,0,0,0,0,27,0
official.campaigns.interludes,markers_icon,0,0,0,0,27,0
official.campaigns.interludes,markers_with_text,0,0,0,0,27,0
official.campaigns.interludes,objects_total,0,0,0,12,27,0.444
official.campaigns.interludes,overview_has_image,1,1,1,1,1,1
official.campaigns.interludes,overview_words,0,0,0,0,1,0
official.campaigns.interludes,playable_units,0,0,0,1,27,0.037
official.campaigns.interludes,player_units,0,0,0,1,27,0.037
official.campaigns.interludes,script_camcreate_calls,1,1,1,3,27,1.111
official.campaigns.interludes,script_endmission_calls,0,0,0,0,27,0
official.campaigns.interludes,script_files,1,1,1,5,27,1.222
official.campaigns.interludes,script_lines,22,37,66.400,612,27,59.630
official.campaigns.interludes,script_objstatus_calls,0,0,0,1,27,0.037
official.campaigns.interludes,share_groups_no_wp,1,1,1,1,1,1
official.campaigns.interludes,share_groups_patrol_cycle,0,0,0,0,1,0
official.campaigns.interludes,share_groups_single_unit,1,1,1,1,1,1
official.campaigns.interludes,share_units_cargo,0,0,0,0,1,0
official.campaigns.interludes,share_units_fly,0,0,0,0,1,0
official.campaigns.interludes,share_units_init_exec,0,0,0,0,1,0
official.campaigns.interludes,share_units_named,0.250,0.250,0.250,0.250,1,0.250
official.campaigns.interludes,share_units_none_special,0,0,0,0,1,0
official.campaigns.interludes,share_units_with_init,1,1,1,1,1,1
official.campaigns.interludes,sides_present,0,0,0,2,27,0.074
official.campaigns.interludes,sound_files,0,1,2.200,6,27,1.333
official.campaigns.interludes,sqm_text_kb,1.617,2.333,7.384,49.821,27,4.699
official.campaigns.interludes,start_fog,0,0,0,0.200,27,0.015
official.campaigns.interludes,start_hour,7,7,7.800,10,27,7.259
official.campaigns.interludes,start_overcast,0.500,0.500,0.503,0.581,27,0.503
official.campaigns.interludes,stringtable_en_words,7,30,49,91,26,34.654
official.campaigns.interludes,stringtable_keys,2,2,4,7,26,2.462
official.campaigns.interludes,stringtable_languages,6,6,7,7,26,6.192
official.campaigns.interludes,sync_dangling,0,0,0,0,27,0
official.campaigns.interludes,sync_ids,0,0,0,0,27,0
official.campaigns.interludes,sync_wp_trig,0,0,0,0,27,0
official.campaigns.interludes,sync_wp_wp,0,0,0,0,27,0
official.campaigns.interludes,trig_area,0,0,0,3,27,0.111
official.campaigns.interludes,trig_area_radius_m_median,75,75,75,75,1,75
official.campaigns.interludes,trig_attached_object,0,0,0,3,27,0.111
official.campaigns.interludes,trig_cond_true,0,0,0,1,27,0.037
official.campaigns.interludes,trig_condition_only,0,0,0,5,27,0.185
official.campaigns.interludes,trig_countdown_mode,0,0,0,0,27,0
official.campaigns.interludes,trig_custom_cond,0,0,0,7,27,0.259
official.campaigns.interludes,trig_effects,0,0,0,2,27,0.074
official.campaigns.interludes,trig_end,0,0,0,1,27,0.037
official.campaigns.interludes,trig_group_attached,0,0,0,0,27,0
official.campaigns.interludes,trig_guarded,0,0,0,0,27,0
official.campaigns.interludes,trig_lose,0,0,0,0,27,0
official.campaigns.interludes,trig_named,0,0,0,0,27,0
official.campaigns.interludes,trig_onact,0,0,0,6,27,0.222
official.campaigns.interludes,trig_ondeact,0,0,0,0,27,0
official.campaigns.interludes,trig_radio,0,0,0,0,27,0
official.campaigns.interludes,trig_rect,0,0,0,2,27,0.074
official.campaigns.interludes,trig_repeating,0,0,0,2,27,0.074
official.campaigns.interludes,trig_switch,0,0,0,1,27,0.037
official.campaigns.interludes,trig_synced,0,0,0,0,27,0
official.campaigns.interludes,trig_text,0,0,0,8,27,0.296
official.campaigns.interludes,trig_timeout_mode,0,0,0,2,27,0.074
official.campaigns.interludes,trig_timer,0,0,0,2,27,0.074
official.campaigns.interludes,triggers,0,0,0,8,27,0.296
official.campaigns.interludes,units,0,0,0,4,27,0.148
official.campaigns.interludes,units_alt_start_markers,0,0,0,0,1,0
official.campaigns.interludes,units_damaged_or_low,0,0,0,0,1,0
official.campaigns.interludes,units_kind_air,0,0,0,0,27,0
official.campaigns.interludes,units_kind_armored,0,0,0,0,27,0
official.campaigns.interludes,units_kind_car,0,0,0,0,27,0
official.campaigns.interludes,units_kind_men,0,0,0,4,27,0.148
official.campaigns.interludes,units_kind_ship,0,0,0,0,27,0
official.campaigns.interludes,units_kind_static,0,0,0,0,27,0
official.campaigns.interludes,units_kind_support,0,0,0,0,27,0
official.campaigns.interludes,units_kind_unknown,0,0,0,0,27,0
official.campaigns.interludes,units_per_group_max,1,1,1,1,1,1
official.campaigns.interludes,units_per_group_median,1,1,1,1,1,1
official.campaigns.interludes,units_placement_radius,0,0,0,0,1,0
official.campaigns.interludes,units_presence_cond,0,0,0,0,1,0
official.campaigns.interludes,units_presence_lt1,0,0,0,0,1,0
official.campaigns.interludes,waypoints,0,0,0,0,27,0
official.campaigns.interludes,wp_and,0,0,0,0,27,0
official.campaigns.interludes,wp_cycle,0,0,0,0,27,0
official.campaigns.interludes,wp_destroy,0,0,0,0,27,0
official.campaigns.interludes,wp_getin,0,0,0,0,27,0
official.campaigns.interludes,wp_getout,0,0,0,0,27,0
official.campaigns.interludes,wp_guard,0,0,0,0,27,0
official.campaigns.interludes,wp_hold,0,0,0,0,27,0
official.campaigns.interludes,wp_join,0,0,0,0,27,0
official.campaigns.interludes,wp_leader,0,0,0,0,27,0
official.campaigns.interludes,wp_load,0,0,0,0,27,0
official.campaigns.interludes,wp_move,0,0,0,0,27,0
official.campaigns.interludes,wp_or,0,0,0,0,27,0
official.campaigns.interludes,wp_sad,0,0,0,0,27,0
official.campaigns.interludes,wp_scripted,0,0,0,0,27,0
official.campaigns.interludes,wp_sentry,0,0,0,0,27,0
official.campaigns.interludes,wp_support,0,0,0,0,27,0
official.campaigns.interludes,wp_talk,0,0,0,0,27,0
official.campaigns.interludes,wp_tr_unload,0,0,0,0,27,0
official.campaigns.interludes,wp_unload,0,0,0,0,27,0
official.campaigns.interludes,wps_per_group_mean,0,0,0,0,1,0
official.campaigns.missions,addons_required,0,0,3,5,63,0.825
official.campaigns.missions,any_placement_radius,0,0,1,1,63,0.222
official.campaigns.missions,any_presence_condition,0,0,0,1,63,0.032
official.campaigns.missions,any_presence_random,0,0,1,1,63,0.254
official.campaigns.missions,ao_extent_m,372.972,3798.123,7442.921,11182.953,62,4309.931
official.campaigns.missions,briefing_debrief_sections,1,6,6,6,58,5.897
official.campaigns.missions,briefing_has_plan,1,1,1,1,58,1
official.campaigns.missions,briefing_images,0,0,0,1,58,0.052
official.campaigns.missions,briefing_languages,0,5,6,6,63,4.905
official.campaigns.missions,briefing_marker_links,0,5,9,15,58,5.155
official.campaigns.missions,briefing_objectives,0,4,5,9,58,3.517
official.campaigns.missions,briefing_side_variants,0,0,0,0,58,0
official.campaigns.missions,briefing_words_debriefing,10,48,95.200,229,58,59.379
official.campaigns.missions,briefing_words_main,17,90.500,140.200,180,58,92.414
official.campaigns.missions,briefing_words_notes_plan,24,128.500,187.900,247,58,131.862
official.campaigns.missions,briefing_words_objectives,0,46.500,98.900,135,58,50.086
official.campaigns.missions,briefing_words_plan,3,34.500,64.900,108,58,39.448
official.campaigns.missions,briefing_words_total,108,248.500,429.900,695,58,277.879
official.campaigns.missions,civ_units,0,0,2,46,62,1.677
official.campaigns.missions,desc_cfgidentities_entries,0,0,0,0,62,0
official.campaigns.missions,desc_cfgmusic_entries,0,0,0,0,62,0
official.campaigns.missions,desc_cfgradio_entries,0,7.500,18,26,62,8.903
official.campaigns.missions,desc_cfgsounds_entries,0,3,28.800,55,62,9.145
official.campaigns.missions,desc_has_gear_pool,0,0,1,1,62,0.194
official.campaigns.missions,desc_has_identities,0,0,0,0,62,0
official.campaigns.missions,desc_has_params,0,0,0,0,62,0
official.campaigns.missions,desc_has_respawn,0,0,0,0,62,0
official.campaigns.missions,desc_magazines_entries,0,0,5.900,21,62,1.452
official.campaigns.missions,desc_rsctitles_entries,0,0,0,4,62,0.065
official.campaigns.missions,desc_top_classes,1,4,5.900,9,62,4.113
official.campaigns.missions,desc_top_keys,4,5,7,9,62,5.419
official.campaigns.missions,desc_weapons_entries,0,0,3.900,19,62,1
official.campaigns.missions,distinct_end_types,1,1,2.800,6,63,1.635
official.campaigns.missions,empty_kind_objects,0,16,46,94,63,19.952
official.campaigns.missions,empty_kind_vehicles,0,6,14.800,30,63,6.984
official.campaigns.missions,empty_named,0,3,9.800,29,63,3.714
official.campaigns.missions,empty_vehicles,0,20,59,95,63,26.937
official.campaigns.missions,empty_with_init,0,0,4,7,63,1.222
official.campaigns.missions,enemy_to_friendly_ratio,0,1.974,15.293,85,62,5.988
official.campaigns.missions,enemy_units,0,49,85,116,62,51.145
official.campaigns.missions,files,1,30,80.800,125,63,39.952
official.campaigns.missions,folder_kb,1.218,992.954,2737.609,5708.628,63,1367.087
official.campaigns.missions,friendly_units,1,24.500,45.800,80,62,25.113
official.campaigns.missions,fx_camera,0,0,0,1,63,0.032
official.campaigns.missions,fx_music,0,0,0,2,63,0.079
official.campaigns.missions,fx_sound_or_voice,0,0,0,2,63,0.143
official.campaigns.missions,fx_title,0,1,4,5,63,1.651
official.campaigns.missions,groups,0,32,56.800,87,63,35.460
official.campaigns.missions,groups_over_12,0,0,0,0,63,0
official.campaigns.missions,has_any_cutscene_section,0,0,1,1,63,0.397
official.campaigns.missions,has_briefing,0,1,1,1,63,0.921
official.campaigns.missions,has_description_ext,0,1,1,1,63,0.984
official.campaigns.missions,has_end_trigger,1,1,1,1,63,1
official.campaigns.missions,has_intro,0,0,1,1,63,0.381
official.campaigns.missions,has_lose_trigger,0,0,1,1,63,0.365
official.campaigns.missions,has_outroloose,0,0,0,0,63,0
official.campaigns.missions,has_outrowin,0,0,0,1,63,0.016
official.campaigns.missions,has_overview,0,1,1,1,63,0.984
official.campaigns.missions,has_script_exit,0,0,1,1,63,0.286
official.campaigns.missions,has_script_init,0,1,1,1,63,0.968
official.campaigns.missions,has_script_intro,0,0,1,1,63,0.270
official.campaigns.missions,has_script_intro_any,0,0,1,1,63,0.302
official.campaigns.missions,has_script_outro,0,1,1,1,63,0.730
official.campaigns.missions,has_script_outro2,0,0,0.800,1,63,0.111
official.campaigns.missions,has_script_outro_any,0,1,1,1,63,0.746
official.campaigns.missions,has_stringtable,0,1,1,1,63,0.984
official.campaigns.missions,image_files,0,1,1,2,63,1.048
official.campaigns.missions,intro_triggers,1,3,7,21,24,4.292
official.campaigns.missions,intro_units,1,14.500,42,61,24,18.208
official.campaigns.missions,intro_waypoints,0,7.500,21.800,32,24,9.708
official.campaigns.missions,is_dawn_dusk_start,0,0,1,1,63,0.270
official.campaigns.missions,is_night_start,0,0,1,1,63,0.190
official.campaigns.missions,lip_files,0,2,28,42,63,8.444
official.campaigns.missions,markers,0,15,46.800,93,63,21.063
official.campaigns.missions,markers_area,0,2,5,7,63,2.349
official.campaigns.missions,markers_hidden_empty,0,1,11,43,63,4.016
official.campaigns.missions,markers_icon,0,11,46,91,63,18.714
official.campaigns.missions,markers_with_text,0,3,5.800,7,63,3.159
official.campaigns.missions,objects_total,5,244,361,495,63,252.762
official.campaigns.missions,outrowin_triggers,5,5,5,5,1,5
official.campaigns.missions,outrowin_units,6,6,6,6,1,6
official.campaigns.missions,outrowin_waypoints,1,1,1,1,1,1
official.campaigns.missions,overview_has_image,1,1,1,1,62,1
official.campaigns.missions,overview_words,0,0,0,0,62,0
official.campaigns.missions,playable_units,0,1,1,1,63,0.984
official.campaigns.missions,player_route_m,89.249,1902.229,5693.347,26558.418,57,3606.882
official.campaigns.missions,player_units,0,1,1,1,63,0.984
official.campaigns.missions,script_camcreate_calls,0,2,4.800,9,63,2.143
official.campaigns.missions,script_endmission_calls,0,0,0,2,63,0.095
official.campaigns.missions,script_files,0,3,7,14,63,3.937
official.campaigns.missions,script_lines,0,120,382.600,1503,63,184.111
official.campaigns.missions,script_objstatus_calls,0,0,2.800,10,63,0.937
official.campaigns.missions,share_groups_no_wp,0,0.247,0.528,0.730,62,0.267
official.campaigns.missions,share_groups_patrol_cycle,0,0.114,0.381,0.634,62,0.166
official.campaigns.missions,share_groups_single_unit,0.059,0.557,0.762,0.949,62,0.536
official.campaigns.missions,share_units_cargo,0,0,0.130,0.393,62,0.037
official.campaigns.missions,share_units_fly,0,0,0.044,0.161,62,0.011
official.campaigns.missions,share_units_init_exec,0,0,0,0.022,62,0.001
official.campaigns.missions,share_units_named,0.014,0.160,0.402,0.790,62,0.204
official.campaigns.missions,share_units_none_special,0,0.016,0.312,0.667,62,0.091
official.campaigns.missions,share_units_with_init,0,0.104,0.320,0.521,62,0.140
official.campaigns.missions,share_wp_attached,0,0.042,0.102,0.203,62,0.049
official.campaigns.missions,share_wp_cond,0,0,0.078,0.159,62,0.021
official.campaigns.missions,share_wp_description,0,0.019,0.045,0.082,62,0.021
official.campaigns.missions,share_wp_effects,0,0,0,0.016,62,0.000
official.campaigns.missions,share_wp_onact,0,0.073,0.257,0.398,62,0.101
official.campaigns.missions,share_wp_script,0,0,0,0.026,62,0.001
official.campaigns.missions,share_wp_showwp_never,0.534,1,1,1,62,0.980
official.campaigns.missions,share_wp_synced,0,0.184,0.292,0.556,62,0.186
official.campaigns.missions,share_wp_timeout,0,0.122,0.290,0.320,62,0.137
official.campaigns.missions,sides_present,0,2,3,4,63,2.254
official.campaigns.missions,sound_files,0,15,37.600,62,63,17.651
official.campaigns.missions,sqm_text_kb,2.384,68.796,104.338,143.549,63,70.172
official.campaigns.missions,start_fog,0,0,0.354,0.507,63,0.113
official.campaigns.missions,start_hour,0,7,16.800,23,63,8.619
official.campaigns.missions,start_overcast,0,0.256,0.725,0.963,63,0.345
official.campaigns.missions,stringtable_en_words,12,236.500,617.100,1049,62,297.903
official.campaigns.missions,stringtable_keys,4,22.500,47,76,62,26.065
official.campaigns.missions,stringtable_languages,6,6,7,7,62,6.323
official.campaigns.missions,sync_dangling,0,0,0,0,63,0
official.campaigns.missions,sync_ids,0,11,24,98,63,13.730
official.campaigns.missions,sync_wp_trig,0,9,21,71,63,11.175
official.campaigns.missions,sync_wp_wp,0,1,5.800,27,63,2.556
official.campaigns.missions,trig_area,1,10,19.600,34,63,11.206
official.campaigns.missions,trig_area_radius_m_median,20,410,1685,3500,63,631.230
official.campaigns.missions,trig_attached_object,0,5,13.600,26,63,6.317
official.campaigns.missions,trig_cond_true,0,3,19.800,48,63,7.111
official.campaigns.missions,trig_condition_only,3,34,64,125,63,36.333
official.campaigns.missions,trig_countdown_mode,0,16,35.400,59,63,17.175
official.campaigns.missions,trig_custom_cond,5,42,71.800,128,63,42.841
official.campaigns.missions,trig_effects,0,18,50.200,69,63,21.397
official.campaigns.missions,trig_end,1,1,3,6,63,1.667
official.campaigns.missions,trig_group_attached,0,0,0,0,63,0
official.campaigns.missions,trig_guarded,0,0,0,1,63,0.016
official.campaigns.missions,trig_lose,0,0,1,2,63,0.381
official.campaigns.missions,trig_named,0,0,1,4,63,0.270
official.campaigns.missions,trig_onact,3,23,36.800,122,63,25.778
official.campaigns.missions,trig_ondeact,0,1,3.800,19,63,1.984
official.campaigns.missions,trig_radio,0,0,1,6,63,0.460
official.campaigns.missions,trig_rect,0,3,15,47,63,6.524
official.campaigns.missions,trig_repeating,0,2,9.800,100,63,5.571
official.campaigns.missions,trig_switch,0,3,6.800,12,63,3.159
official.campaigns.missions,trig_synced,0,5,11.800,23,63,5.984
official.campaigns.missions,trig_text,5,47,74.800,123,63,46.810
official.campaigns.missions,trig_timeout_mode,0,7,14,32,63,7.889
official.campaigns.missions,trig_timer,2,22,48.200,69,63,25.063
official.campaigns.missions,triggers,5,47,75.600,133,63,48
official.campaigns.missions,units,0,74,113.800,162,63,76.540
official.campaigns.missions,units_alt_start_markers,0,0,1,3,62,0.306
official.campaigns.missions,units_damaged_or_low,0,0,2.900,9,62,0.952
official.campaigns.missions,units_kind_air,0,0,1,3,63,0.365
official.campaigns.missions,units_kind_armored,0,10,24,38,63,11.841
official.campaigns.missions,units_kind_car,0,1,4,31,63,1.937
official.campaigns.missions,units_kind_men,0,56,92.400,151,63,60.302
official.campaigns.missions,units_kind_ship,0,0,0,0,63,0
official.campaigns.missions,units_kind_static,0,0,0,0,63,0
official.campaigns.missions,units_kind_support,0,0,2.800,7,63,0.905
official.campaigns.missions,units_kind_unknown,0,0,0,0,63,0
official.campaigns.missions,units_per_group_max,2,8,9,10,62,7.694
official.campaigns.missions,units_per_group_median,1,1,2,4,62,1.540
official.campaigns.missions,units_placement_radius,0,0,0,25,62,0.968
official.campaigns.missions,units_presence_cond,0,0,0,2,62,0.048
official.campaigns.missions,units_presence_lt1,0,0,7.900,45,62,2.581
official.campaigns.missions,waypoints,0,73,134.800,244,63,80.222
official.campaigns.missions,wp_and,0,2,15.800,51,63,5.270
official.campaigns.missions,wp_cycle,0,4,17,33,63,6.476
official.campaigns.missions,wp_destroy,0,0,1,7,63,0.365
official.campaigns.missions,wp_getin,0,3,7,56,63,3.984
official.campaigns.missions,wp_getout,0,1,4,56,63,2.714
official.campaigns.missions,wp_guard,0,1,6.800,19,63,2.508
official.campaigns.missions,wp_hold,0,9,17.800,40,63,9.381
official.campaigns.missions,wp_join,0,0,1,9,63,0.571
official.campaigns.missions,wp_leader,0,0,0,1,63,0.016
official.campaigns.missions,wp_leg_m_median,5.297,79.114,192.542,934.770,62,107.234
official.campaigns.missions,wp_load,0,0,0,0,63,0
official.campaigns.missions,wp_move,0,40,70.800,130,63,42.619
official.campaigns.missions,wp_or,0,0,0,2,63,0.095
official.campaigns.missions,wp_sad,0,4,11,15,63,4.635
official.campaigns.missions,wp_scripted,0,0,0,5,63,0.127
official.campaigns.missions,wp_sentry,0,0,0,4,63,0.254
official.campaigns.missions,wp_support,0,0,0,4,63,0.175
official.campaigns.missions,wp_talk,0,0,0,1,63,0.032
official.campaigns.missions,wp_tr_unload,0,0,2,5,63,0.667
official.campaigns.missions,wp_unload,0,0,1,3,63,0.333
official.campaigns.missions,wps_per_group_mean,1,2.258,3.627,6.125,62,2.415
official.missions,addons_required,0,0,2.600,4,18,0.778
official.missions,any_placement_radius,0,0.500,1,1,18,0.500
official.missions,any_presence_condition,0,0,0,0,18,0
official.missions,any_presence_random,0,0.500,1,1,18,0.500
official.missions,ao_extent_m,1036.657,2888.920,6245.073,11281.193,18,3671.663
official.missions,briefing_debrief_sections,3,6,6,6,18,5.833
official.missions,briefing_has_plan,0,1,1,1,18,0.889
official.missions,briefing_images,0,0,0,0,18,0
official.missions,briefing_languages,5,5,6,6,18,5.278
official.missions,briefing_marker_links,2,4.500,8.300,16,18,5.389
official.missions,briefing_objectives,2,3,4.300,8,18,3.222
official.missions,briefing_side_variants,0,0,0,0,18,0
official.missions,briefing_words_debriefing,15,33,55.400,73,18,34.778
official.missions,briefing_words_main,0,68,104,140,18,62.056
official.missions,briefing_words_notes_plan,0,98.500,139.200,179,18,90.278
official.missions,briefing_words_objectives,15,33.500,55.600,60,18,34.167
official.missions,briefing_words_plan,0,26.500,49.500,55,18,28.222
official.missions,briefing_words_total,33,166.500,252.400,511,18,177.111
official.missions,civ_units,0,0,0,1,18,0.056
official.missions,desc_cfgidentities_entries,0,0,0,6,17,0.353
official.missions,desc_cfgmusic_entries,0,0,0,6,17,0.353
official.missions,desc_cfgradio_entries,0,5,10.800,40,17,6.941
official.missions,desc_cfgsounds_entries,0,0,14,31,17,4
official.missions,desc_has_gear_pool,0,0,1,1,17,0.471
official.missions,desc_has_identities,0,0,0,1,17,0.059
official.missions,desc_has_params,0,0,0,0,17,0
official.missions,desc_has_respawn,0,0,0,0,17,0
official.missions,desc_magazines_entries,0,0,7.400,12,17,3.235
official.missions,desc_rsctitles_entries,0,0,0,0,17,0
official.missions,desc_top_classes,0,4,6,6,17,3.882
official.missions,desc_top_keys,1,2,4,4,17,2.412
official.missions,desc_weapons_entries,0,0,6,8,17,2.118
official.missions,distinct_end_types,1,2.500,5,5,18,2.722
official.missions,empty_kind_objects,0,10.500,36.900,110,18,19.556
official.missions,empty_kind_vehicles,0,3,12,30,18,6
official.missions,empty_named,0,1,7,15,18,2.444
official.missions,empty_vehicles,1,16.500,52.200,129,18,25.556
official.missions,empty_with_init,0,1,3.300,6,18,1.278
official.missions,enemy_to_friendly_ratio,0,2.578,23.750,38,18,6.719
official.missions,enemy_units,0,42.500,80.700,132,18,47.444
official.missions,files,13,22,50.700,100,18,30.611
official.missions,folder_kb,50.588,366.070,1333.390,7878.043,18,875.676
official.missions,friendly_units,1,12,40.400,49,18,18.333
official.missions,fx_camera,0,0,0,2,18,0.111
official.missions,fx_music,0,0,1.300,3,18,0.611
official.missions,fx_sound_or_voice,0,0,0.300,4,18,0.278
official.missions,fx_title,0,1,3.600,5,18,1.611
official.missions,groups,5,23,34.800,63,18,23.722
official.missions,groups_over_12,0,0,0,0,18,0
official.missions,has_any_cutscene_section,0,0,1,1,18,0.389
official.missions,has_briefing,1,1,1,1,18,1
official.missions,has_description_ext,0,1,1,1,18,0.944
official.missions,has_end_trigger,1,1,1,1,18,1
official.missions,has_intro,0,0,1,1,18,0.389
official.missions,has_lose_trigger,0,0,0,0,18,0
official.missions,has_outroloose,0,0,0,0,18,0
official.missions,has_outrowin,0,0,0,0,18,0
official.missions,has_overview,1,1,1,1,18,1
official.missions,has_script_exit,0,0,0,0,18,0
official.missions,has_script_init,0,1,1,1,18,0.778
official.missions,has_script_intro,0,0,1,1,18,0.167
official.missions,has_script_intro_any,0,0,1,1,18,0.222
official.missions,has_script_outro,0,1,1,1,18,0.778
official.missions,has_script_outro2,0,0,0.300,1,18,0.111
official.missions,has_script_outro_any,0,1,1,1,18,0.778
official.missions,has_stringtable,0,1,1,1,18,0.944
official.missions,image_files,1,1,1,1,18,1
official.missions,intro_triggers,1,3,14.800,16,7,6.429
official.missions,intro_units,8,24,48.400,52,7,26.286
official.missions,intro_waypoints,3,10,34.400,41,7,15.143
official.missions,is_dawn_dusk_start,0,0,1,1,18,0.444
official.missions,is_night_start,0,0,0.300,1,18,0.111
official.missions,lip_files,0,0,2.500,31,18,2.222
official.missions,markers,4,10,43.700,56,18,17.222
official.missions,markers_area,0,1.500,3.300,5,18,1.722
official.missions,markers_hidden_empty,0,1.500,8.400,28,18,4
official.missions,markers_icon,4,7.500,40.300,53,18,15.500
official.missions,markers_with_text,0,2.500,5.300,10,18,2.667
official.missions,objects_total,35,162,344.500,617,18,202.333
official.missions,overview_has_image,1,1,1,1,18,1
official.missions,overview_words,9,22.500,30.900,35,18,22.333
official.missions,playable_units,1,1,1,1,18,1
official.missions,player_route_m,305.077,2038.879,11744.919,24898.336,17,4817.528
official.missions,player_units,1,1,1,1,18,1
official.missions,script_camcreate_calls,0,1,3,5,18,1.611
official.missions,script_endmission_calls,0,0,0,0,18,0
official.missions,script_files,0,2.500,6,11,18,3.278
official.missions,script_lines,0,44,247.300,963,18,140.167
official.missions,script_objstatus_calls,0,0,2.600,15,18,1.278
official.missions,share_groups_no_wp,0,0.101,0.445,0.652,18,0.188
official.missions,share_groups_patrol_cycle,0,0.177,0.406,0.429,18,0.181
official.missions,share_groups_single_unit,0.167,0.503,0.808,1,18,0.507
official.missions,share_units_cargo,0,0,0.137,0.558,18,0.061
official.missions,share_units_fly,0,0,0.034,0.062,18,0.010
official.missions,share_units_init_exec,0,0,0,0,18,0
official.missions,share_units_named,0.007,0.185,0.636,1,18,0.287
official.missions,share_units_none_special,0,0.019,0.176,0.287,18,0.057
official.missions,share_units_with_init,0.020,0.186,0.418,0.800,18,0.227
official.missions,share_wp_attached,0,0.039,0.106,0.194,18,0.049
official.missions,share_wp_cond,0,0,0.168,0.247,18,0.043
official.missions,share_wp_description,0,0.041,0.092,0.100,18,0.039
official.missions,share_wp_effects,0,0,0.004,0.027,18,0.002
official.missions,share_wp_onact,0,0.071,0.188,0.286,18,0.084
official.missions,share_wp_script,0,0,0,0,18,0
official.missions,share_wp_showwp_never,1,1,1,1,18,1
official.missions,share_wp_synced,0,0.154,0.297,0.305,18,0.176
official.missions,share_wp_timeout,0,0.109,0.169,0.200,18,0.108
official.missions,sides_present,2,2,2,3,18,2.056
official.missions,sound_files,0,6,21.700,65,18,10.556
official.missions,sqm_text_kb,16.773,40.680,100.889,181.287,18,57.988
official.missions,start_fog,0,0,0.470,0.568,18,0.141
official.missions,start_hour,3,6,16.300,17,18,8.167
official.missions,start_overcast,0.056,0.500,0.832,1,18,0.487
official.missions,stringtable_en_words,15,100,376,917,17,176.118
official.missions,stringtable_keys,1,15,39,67,17,20.706
official.missions,stringtable_languages,5,6,7,7,17,6.118
official.missions,sync_dangling,0,0,0,0,18,0
official.missions,sync_ids,0,6,25.400,41,18,10.556
official.missions,sync_wp_trig,0,5,17.600,27,18,8.056
official.missions,sync_wp_wp,0,1,7.800,14,18,2.500
official.missions,trig_area,1,6.500,20.700,36,18,9.722
official.missions,trig_area_radius_m_median,3,400,1129.500,1550,18,497.778
official.missions,trig_attached_object,1,3.500,12.600,30,18,6.444
official.missions,trig_cond_true,0,1.500,4.900,21,18,3.167
official.missions,trig_condition_only,2,20,36.900,78,18,21.611
official.missions,trig_countdown_mode,0,8,15.600,21,18,8.056
official.missions,trig_custom_cond,5,23.500,40.600,99,18,25.333
official.missions,trig_effects,0,8,20.500,44,18,11.278
official.missions,trig_end,1,2.500,5,5,18,2.722
official.missions,trig_group_attached,0,0,0,0,18,0
official.missions,trig_guarded,0,0,0,3,18,0.167
official.missions,trig_lose,0,0,0,0,18,0
official.missions,trig_named,0,0,1,1,18,0.167
official.missions,trig_onact,3,12,36.800,65,18,18.500
official.missions,trig_ondeact,0,0,1.300,6,18,0.611
official.missions,trig_radio,0,0,1,2,18,0.278
official.missions,trig_rect,0,2.500,10,18,18,4.333
official.missions,trig_repeating,0,2,9.300,26,18,4.333
official.missions,trig_switch,0,2,9.600,12,18,2.944
official.missions,trig_synced,0,3,9.900,21,18,4.944
official.missions,trig_text,5,27,57.700,114,18,31.278
official.missions,trig_timeout_mode,0,4,12.200,18,18,5.611
official.missions,trig_timer,1,14,24.900,29,18,13.667
official.missions,triggers,5,27,61.900,114,18,31.611
official.missions,units,5,62,116.700,177,18,66.889
official.missions,units_alt_start_markers,0,0,2.300,5,18,0.722
official.missions,units_damaged_or_low,0,0,3.300,16,18,1.500
official.missions,units_kind_air,0,0,1.300,12,18,1.111
official.missions,units_kind_armored,0,6.500,13.100,19,18,6.444
official.missions,units_kind_car,0,0,3.900,7,18,1.389
official.missions,units_kind_men,2,50,103.700,149,18,55.778
official.missions,units_kind_ship,0,0,0,0,18,0
official.missions,units_kind_static,0,0,0,0,18,0
official.missions,units_kind_support,0,0,2.600,7,18,1.111
official.missions,units_kind_unknown,0,0,0,0,18,0
official.missions,units_per_group_max,1,8,12,12,18,8
official.missions,units_per_group_median,1,1.500,3,6,18,1.861
official.missions,units_placement_radius,0,0,2.300,5,18,0.778
official.missions,units_presence_cond,0,0,0,0,18,0
official.missions,units_presence_lt1,0,0.500,9.600,13,18,3.278
official.missions,waypoints,14,46.500,102.600,243,18,61.056
official.missions,wp_and,0,0,10.400,25,18,3.389
official.missions,wp_cycle,0,3,8.300,17,18,4.167
official.missions,wp_destroy,0,0,0.300,5,18,0.333
official.missions,wp_getin,0,2,4.300,11,18,2.722
official.missions,wp_getout,0,1,5.300,9,18,2.056
official.missions,wp_guard,0,0.500,4,8,18,1.556
official.missions,wp_hold,0,3,12.900,16,18,5.222
official.missions,wp_join,0,0,1,5,18,0.444
official.missions,wp_leader,0,0,0,1,18,0.056
official.missions,wp_leg_m_median,37.857,75.610,274.827,616.660,18,131.738
official.missions,wp_load,0,0,0,0,18,0
official.missions,wp_move,9,22,55.900,174,18,34.722
official.missions,wp_or,0,0,0,1,18,0.056
official.missions,wp_sad,0,3,10.700,21,18,5.056
official.missions,wp_scripted,0,0,0,0,18,0
official.missions,wp_sentry,0,0,0,0,18,0
official.missions,wp_support,0,0,0.300,4,18,0.278
official.missions,wp_talk,0,0,0,0,18,0
official.missions,wp_tr_unload,0,0,3,4,18,0.722
official.missions,wp_unload,0,0,1,1,18,0.278
official.missions,wps_per_group_mean,1.031,2.443,3.607,4.282,18,2.526
official.missions-res,addons_required,3,4.500,5.500,6,6,4.500
official.missions-res,any_placement_radius,0,1,1,1,6,0.667
official.missions-res,any_presence_condition,0,0,0,0,6,0
official.missions-res,any_presence_random,0,0,1,1,6,0.333
official.missions-res,ao_extent_m,1299.189,5417.338,6814.999,7598.444,6,4536.896
official.missions-res,briefing_debrief_sections,6,6,6,6,6,6
official.missions-res,briefing_has_plan,1,1,1,1,6,1
official.missions-res,briefing_images,0,0,0,0,6,0
official.missions-res,briefing_languages,1,5,5,5,6,4.167
official.missions-res,briefing_marker_links,2,5,6.500,8,6,4.500
official.missions-res,briefing_objectives,1,2.500,4,4,6,2.667
official.missions-res,briefing_side_variants,0,0,0,0,6,0
official.missions-res,briefing_words_debriefing,20,44.500,78,90,6,48.167
official.missions-res,briefing_words_main,48,72.500,142,179,6,87.667
official.missions-res,briefing_words_notes_plan,78,154.500,198,223,6,147.833
official.missions-res,briefing_words_objectives,5,29.500,38.500,42,6,25.333
official.missions-res,briefing_words_plan,29,61,83,98,6,60.167
official.missions-res,briefing_words_total,135,226,284.500,315,6,225.667
official.missions-res,civ_units,0,0,0.500,1,6,0.167
official.missions-res,desc_cfgidentities_entries,0,0,0,0,6,0
official.missions-res,desc_cfgmusic_entries,0,0,0,0,6,0
official.missions-res,desc_cfgradio_entries,0,5.500,12,13,6,6.167
official.missions-res,desc_cfgsounds_entries,0,0.500,6,9,6,2.167
official.missions-res,desc_has_gear_pool,0,0,1,1,6,0.333
official.missions-res,desc_has_identities,0,0,0,0,6,0
official.missions-res,desc_has_params,0,0,0,0,6,0
official.missions-res,desc_has_respawn,0,0,0,0,6,0
official.missions-res,desc_magazines_entries,0,0,11,18,6,3.667
official.missions-res,desc_rsctitles_entries,0,0,0,0,6,0
official.missions-res,desc_top_classes,0,4,5,6,6,3.333
official.missions-res,desc_top_keys,1,6,7,7,6,5.167
official.missions-res,desc_weapons_entries,0,0,4.500,7,6,1.500
official.missions-res,distinct_end_types,1,2.500,3.500,4,6,2.500
official.missions-res,empty_kind_objects,1,39,87,123,6,45.667
official.missions-res,empty_kind_vehicles,4,13.500,14,14,6,10.833
official.missions-res,empty_named,0,2.500,9,10,6,3.833
official.missions-res,empty_vehicles,7,49,99.500,136,6,56.500
official.missions-res,empty_with_init,0,1.500,3.500,4,6,1.833
official.missions-res,enemy_to_friendly_ratio,1.296,3.636,42.188,71.500,6,15.758
official.missions-res,enemy_units,35,71,123,143,6,79.333
official.missions-res,files,9,27,37,42,6,26.500
official.missions-res,folder_kb,79.499,607.475,1854.058,1963.934,6,887.403
official.missions-res,friendly_units,2,19.500,33,33,6,19.167
official.missions-res,fx_camera,0,0,1,1,6,0.333
official.missions-res,fx_music,0,0,0,0,6,0
official.missions-res,fx_sound_or_voice,0,0,0.500,1,6,0.167
official.missions-res,fx_title,0,0,0,0,6,0
official.missions-res,groups,19,31.500,48.500,57,6,33.333
official.missions-res,groups_over_12,0,0,0,0,6,0
official.missions-res,has_any_cutscene_section,0,0.500,1,1,6,0.500
official.missions-res,has_briefing,1,1,1,1,6,1
official.missions-res,has_description_ext,1,1,1,1,6,1
official.missions-res,has_end_trigger,1,1,1,1,6,1
official.missions-res,has_intro,0,0.500,1,1,6,0.500
official.missions-res,has_lose_trigger,0,0,0,0,6,0
official.missions-res,has_outroloose,0,0,0,0,6,0
official.missions-res,has_outrowin,0,0,0,0,6,0
official.missions-res,has_overview,1,1,1,1,6,1
official.missions-res,has_script_exit,0,0,0,0,6,0
official.missions-res,has_script_init,0,1,1,1,6,0.833
official.missions-res,has_script_intro,0,0.500,1,1,6,0.500
official.missions-res,has_script_intro_any,0,0.500,1,1,6,0.500
official.missions-res,has_script_outro,0,1,1,1,6,0.833
official.missions-res,has_script_outro2,0,0.500,1,1,6,0.500
official.missions-res,has_script_outro_any,0,1,1,1,6,0.833
official.missions-res,has_stringtable,1,1,1,1,6,1
official.missions-res,image_files,1,1,1,1,6,1
official.missions-res,intro_triggers,1,1,1,1,3,1
official.missions-res,intro_units,18,30,39.600,42,3,30
official.missions-res,intro_waypoints,2,8,12,13,3,7.667
official.missions-res,is_dawn_dusk_start,0,0,0.500,1,6,0.167
official.missions-res,is_night_start,0,0,0.500,1,6,0.167
official.missions-res,lip_files,0,0,1.500,3,6,0.500
official.missions-res,markers,2,4,11,13,6,5.833
official.missions-res,markers_area,0,0,2.500,3,6,0.833
official.missions-res,markers_hidden_empty,0,0.500,3.500,4,6,1.333
official.missions-res,markers_icon,2,4,8.500,11,6,5
official.missions-res,markers_with_text,0,2.500,4.500,6,6,2.500
official.missions-res,objects_total,156,214.500,392.500,396,6,255.667
official.missions-res,overview_has_image,1,1,1,1,6,1
official.missions-res,overview_words,13,17.500,29,37,6,19.833
official.missions-res,playable_units,1,1,1,1,6,1
official.missions-res,player_route_m,181.460,3659.664,14420.259,20893.466,5,6103.611
official.missions-res,player_units,1,1,1,1,6,1
official.missions-res,script_camcreate_calls,1,2,3.500,4,6,2.167
official.missions-res,script_endmission_calls,0,0,0,0,6,0
official.missions-res,script_files,2,4.500,6.500,7,6,4.500
official.missions-res,script_lines,43,85.500,188.500,262,6,107.667
official.missions-res,script_objstatus_calls,0,1,2,3,6,1
official.missions-res,share_groups_no_wp,0.018,0.116,0.589,0.750,6,0.243
official.missions-res,share_groups_patrol_cycle,0,0.085,0.237,0.368,6,0.107
official.missions-res,share_groups_single_unit,0.123,0.463,0.674,0.825,6,0.435
official.missions-res,share_units_cargo,0,0,0.059,0.117,6,0.020
official.missions-res,share_units_fly,0,0,0.022,0.029,6,0.007
official.missions-res,share_units_init_exec,0,0,0,0,6,0
official.missions-res,share_units_named,0.012,0.144,0.287,0.355,6,0.149
official.missions-res,share_units_none_special,0,0.036,0.183,0.250,6,0.073
official.missions-res,share_units_with_init,0.014,0.087,0.222,0.265,6,0.117
official.missions-res,share_wp_attached,0,0.033,0.080,0.122,6,0.038
official.missions-res,share_wp_cond,0.045,0.086,0.117,0.125,6,0.083
official.missions-res,share_wp_description,0,0.028,0.078,0.107,6,0.035
official.missions-res,share_wp_effects,0,0,0.004,0.007,6,0.001
official.missions-res,share_wp_onact,0.015,0.053,0.084,0.089,6,0.056
official.missions-res,share_wp_script,0,0,0,0,6,0
official.missions-res,share_wp_showwp_never,1,1,1,1,6,1
official.missions-res,share_wp_synced,0,0.103,0.237,0.255,6,0.120
official.missions-res,share_wp_timeout,0,0.096,0.183,0.195,6,0.098
official.missions-res,sides_present,2,2,2.500,3,6,2.167
official.missions-res,sound_files,0,7.500,16.500,22,6,8.667
official.missions-res,sqm_text_kb,39.138,55.945,103.602,104.266,6,66.667
official.missions-res,start_fog,0,0,0.178,0.356,6,0.059
official.missions-res,start_hour,2,8.500,13,15,6,8.500
official.missions-res,start_overcast,0.062,0.500,0.731,0.775,6,0.492
official.missions-res,stringtable_en_words,12,97,234,324,6,120.667
official.missions-res,stringtable_keys,6,10.500,26.500,33,6,14.667
official.missions-res,stringtable_languages,1,7,7,7,6,5.833
official.missions-res,sync_dangling,0,0,0,0,6,0
official.missions-res,sync_ids,0,5,15,23,6,7.333
official.missions-res,sync_wp_trig,0,5,13,21,6,6.667
official.missions-res,sync_wp_wp,0,0,2,2,6,0.667
official.missions-res,trig_area,3,8,9,9,6,6.667
official.missions-res,trig_area_radius_m_median,250,425,675,850,6,466.667
official.missions-res,trig_attached_object,0,2,5.500,6,6,2.667
official.missions-res,trig_cond_true,0,1,7,12,6,2.833
official.missions-res,trig_condition_only,8,13,26,37,6,15.833
official.missions-res,trig_countdown_mode,1,2.500,13,22,6,5.667
official.missions-res,trig_custom_cond,9,17.500,27,33,6,18
official.missions-res,trig_effects,0,1.500,15.500,19,6,5.833
official.missions-res,trig_end,1,3,3.500,4,6,2.667
official.missions-res,trig_group_attached,0,0,0,0,6,0
official.missions-res,trig_guarded,0,0,3.500,7,6,1.167
official.missions-res,trig_lose,0,0,0,0,6,0
official.missions-res,trig_named,0,1.500,2.500,3,6,1.333
official.missions-res,trig_onact,9,12.500,19,21,6,13.667
official.missions-res,trig_ondeact,0,0.500,1.500,2,6,0.667
official.missions-res,trig_radio,0,0,1,1,6,0.333
official.missions-res,trig_rect,0,1,2.500,3,6,1.167
official.missions-res,trig_repeating,0,1.500,3,4,6,1.667
official.missions-res,trig_switch,0,3,6,7,6,3
official.missions-res,trig_synced,0,3,6,8,6,3.333
official.missions-res,trig_text,10,21.500,35,46,6,22.500
official.missions-res,trig_timeout_mode,2,5,9,10,6,5.500
official.missions-res,trig_timer,4,9,18.500,25,6,11.167
official.missions-res,triggers,11,21.500,35.500,47,6,22.833
official.missions-res,units,62,98.500,133,147,6,98.833
official.missions-res,units_alt_start_markers,0,0,0,0,6,0
official.missions-res,units_damaged_or_low,0,0,1,2,6,0.333
official.missions-res,units_kind_air,0,0,2.500,3,6,0.833
official.missions-res,units_kind_armored,4,9.500,18.500,24,6,11.167
official.missions-res,units_kind_car,0,0,2.500,3,6,0.833
official.missions-res,units_kind_men,52,85.500,115.500,133,6,84.833
official.missions-res,units_kind_ship,0,0,0,0,6,0
official.missions-res,units_kind_static,0,0,0,0,6,0
official.missions-res,units_kind_support,0,0,3,3,6,1
official.missions-res,units_kind_unknown,0,0,0,0,6,0
official.missions-res,units_per_group_max,8,9,10.500,12,6,9.167
official.missions-res,units_per_group_median,1,2.500,5,5,6,2.833
official.missions-res,units_placement_radius,0,0,0,0,6,0
official.missions-res,units_presence_cond,0,0,0,0,6,0
official.missions-res,units_presence_lt1,0,0,4,8,6,1.333
official.missions-res,waypoints,37,60,116,134,6,71.667
official.missions-res,wp_and,0,0,1,2,6,0.333
official.missions-res,wp_cycle,0,2,12.500,22,6,4.833
official.missions-res,wp_destroy,0,0,2.500,5,6,0.833
official.missions-res,wp_getin,0,3,8.500,11,6,3.833
official.missions-res,wp_getout,0,2,3.500,4,6,1.833
official.missions-res,wp_guard,0,0,9,10,6,3
official.missions-res,wp_hold,1,6,15,22,6,7.833
official.missions-res,wp_join,0,0,0,0,6,0
official.missions-res,wp_leader,0,0,0,0,6,0
official.missions-res,wp_leg_m_median,17.712,155.233,567.042,906.846,6,261.918
official.missions-res,wp_load,0,0,0,0,6,0
official.missions-res,wp_move,22,37,56.500,68,6,38.500
official.missions-res,wp_or,0,0,0,0,6,0
official.missions-res,wp_sad,2,3,15,19,6,6.667
official.missions-res,wp_scripted,0,0,0,0,6,0
official.missions-res,wp_sentry,0,0,0,0,6,0
official.missions-res,wp_support,0,0,1.500,3,6,0.500
official.missions-res,wp_talk,0,0,0.500,1,6,0.167
official.missions-res,wp_tr_unload,0,0.500,8.500,13,6,3
official.missions-res,wp_unload,0,0,1,2,6,0.333
official.missions-res,wps_per_group_mean,1.025,2.361,2.694,2.722,6,2.180
official.mpmissions,addons_required,0,0.500,4.100,9,30,1.700
official.mpmissions,any_placement_radius,0,0,1,1,30,0.400
official.mpmissions,any_presence_condition,0,0,0,0,30,0
official.mpmissions,any_presence_random,0,0,1,1,30,0.133
official.mpmissions,ao_extent_m,3.300,2063.477,4521.080,5355.959,30,2280.131
official.mpmissions,briefing_debrief_sections,1,6,6,6,30,5.700
official.mpmissions,briefing_has_plan,1,1,1,1,30,1
official.mpmissions,briefing_images,0,0,0,0,30,0
official.mpmissions,briefing_languages,1,5,6,6,30,5
official.mpmissions,briefing_marker_links,0,4.500,14,22,30,6.333
official.mpmissions,briefing_objectives,0,2,4,5,30,1.800
official.mpmissions,briefing_side_variants,0,0,2,6,30,0.600
official.mpmissions,briefing_words_debriefing,3,15,33.800,73,30,20.667
official.mpmissions,briefing_words_main,14,76,160,182,30,86.567
official.mpmissions,briefing_words_notes_plan,26,116,178,368,30,128.133
official.mpmissions,briefing_words_objectives,0,13.500,50.200,57,30,18.467
official.mpmissions,briefing_words_plan,0,31.500,69.600,220,30,41.567
official.mpmissions,briefing_words_total,58,158,265.800,383,30,174.233
official.mpmissions,civ_units,0,0,1,8,30,0.767
official.mpmissions,desc_cfgidentities_entries,0,0,0,0,29,0
official.mpmissions,desc_cfgmusic_entries,0,0,0,0,29,0
official.mpmissions,desc_cfgradio_entries,0,0,6.200,10,29,1.414
official.mpmissions,desc_cfgsounds_entries,0,1,4,11,29,1.690
official.mpmissions,desc_has_gear_pool,0,0,0.200,1,29,0.103
official.mpmissions,desc_has_identities,0,0,0,0,29,0
official.mpmissions,desc_has_params,0,1,1,1,29,0.655
official.mpmissions,desc_has_respawn,0,1,1,1,29,0.828
official.mpmissions,desc_magazines_entries,0,0,0.400,7,29,0.517
official.mpmissions,desc_rsctitles_entries,0,0,0,0,29,0
official.mpmissions,desc_top_classes,0,1,4.200,6,29,1.552
official.mpmissions,desc_top_keys,0,11,12,12,29,7.897
official.mpmissions,desc_weapons_entries,0,0,0.200,4,29,0.276
official.mpmissions,distinct_end_types,0,1,3,5,30,1.367
official.mpmissions,empty_kind_objects,1,71.500,126.300,300,30,69.633
official.mpmissions,empty_kind_vehicles,0,7,22.200,79,30,11.267
official.mpmissions,empty_named,0,2,9.500,21,30,3.467
official.mpmissions,empty_vehicles,3,74,150.400,304,30,80.900
official.mpmissions,empty_with_init,0,6.500,14,25,30,6.700
official.mpmissions,enemy_to_friendly_ratio,0,1,10.233,15.500,30,3.132
official.mpmissions,enemy_units,0,5.500,68.400,87,30,24.100
official.mpmissions,files,8,15.500,24.300,40,30,16.567
official.mpmissions,folder_kb,18.198,141.101,627.440,892.940,30,217.870
official.mpmissions,friendly_units,4,6.500,13.300,25,30,7.933
official.mpmissions,fx_camera,0,0,0,2,30,0.067
official.mpmissions,fx_music,0,0,0,0,30,0
official.mpmissions,fx_sound_or_voice,0,0.500,4,9,30,1.633
official.mpmissions,fx_title,0,0,1.200,5,30,0.567
official.mpmissions,groups,2,8.500,20.100,35,30,10.267
official.mpmissions,groups_over_12,0,0,0,0,30,0
official.mpmissions,has_any_cutscene_section,0,0,0,1,30,0.033
official.mpmissions,has_briefing,1,1,1,1,30,1
official.mpmissions,has_description_ext,0,1,1,1,30,0.967
official.mpmissions,has_end_trigger,0,1,1,1,30,0.967
official.mpmissions,has_intro,0,0,0,1,30,0.033
official.mpmissions,has_lose_trigger,0,0,0,0,30,0
official.mpmissions,has_outroloose,0,0,0,0,30,0
official.mpmissions,has_outrowin,0,0,0,0,30,0
official.mpmissions,has_overview,0,0,1,1,30,0.300
official.mpmissions,has_script_exit,0,0,0,0,30,0
official.mpmissions,has_script_init,0,1,1,1,30,0.733
official.mpmissions,has_script_intro,0,0,0,1,30,0.067
official.mpmissions,has_script_intro_any,0,0,0,1,30,0.067
official.mpmissions,has_script_outro,0,1,1,1,30,0.667
official.mpmissions,has_script_outro2,0,0,0,1,30,0.033
official.mpmissions,has_script_outro_any,0,1,1,1,30,0.667
official.mpmissions,has_stringtable,1,1,1,1,30,1
official.mpmissions,image_files,0,0,1,2,30,0.400
official.mpmissions,intro_triggers,1,1,1,1,1,1
official.mpmissions,intro_units,42,42,42,42,1,42
official.mpmissions,intro_waypoints,13,13,13,13,1,13
official.mpmissions,is_dawn_dusk_start,0,0,1,1,30,0.133
official.mpmissions,is_night_start,0,0,0,1,30,0.033
official.mpmissions,lip_files,0,0,0,0,30,0
official.mpmissions,markers,2,12.500,60,69,30,22.567
official.mpmissions,markers_area,0,2.500,4,27,30,3.467
official.mpmissions,markers_hidden_empty,0,0,6,9,30,1.433
official.mpmissions,markers_icon,1,7,57.100,66,30,19.100
official.mpmissions,markers_with_text,0,0,6,9,30,1.900
official.mpmissions,objects_total,50,178.500,283.100,404,30,188.367
official.mpmissions,overview_has_image,1,1,1,1,9,1
official.mpmissions,overview_words,0,21,32.200,33,9,21.222
official.mpmissions,playable_units,3,8,12,17,30,8.733
official.mpmissions,player_route_m,78.151,1047.846,2062.688,2513.161,25,1059.048
official.mpmissions,player_units,0,1,1,1,30,0.933
official.mpmissions,script_camcreate_calls,0,1,1.100,11,30,1.100
official.mpmissions,script_endmission_calls,0,0,0,0,30,0
official.mpmissions,script_files,0,2,11.100,20,30,3.833
official.mpmissions,script_lines,0,22,150.900,980,30,86.700
official.mpmissions,script_objstatus_calls,0,0,0,1,30,0.033
official.mpmissions,share_groups_no_wp,0,0.113,0.333,0.543,30,0.159
official.mpmissions,share_groups_patrol_cycle,0,0.321,0.931,1,30,0.408
official.mpmissions,share_groups_single_unit,0,0.333,1,1,30,0.457
official.mpmissions,share_units_cargo,0,0,0.006,0.106,30,0.008
official.mpmissions,share_units_fly,0,0,0,0,30,0
official.mpmissions,share_units_init_exec,0,0,0,0,30,0
official.mpmissions,share_units_named,0,0.889,1,1,30,0.588
official.mpmissions,share_units_none_special,0,0,0.109,0.923,30,0.075
official.mpmissions,share_units_with_init,0,0.113,0.889,1,30,0.254
official.mpmissions,share_wp_attached,0,0,0.112,0.333,30,0.033
official.mpmissions,share_wp_cond,0,0,0.200,0.217,30,0.071
official.mpmissions,share_wp_description,0,0,0.042,1,30,0.039
official.mpmissions,share_wp_effects,0,0,0,0.111,30,0.004
official.mpmissions,share_wp_onact,0,0,0.200,0.200,30,0.065
official.mpmissions,share_wp_script,0,0,0,0,30,0
official.mpmissions,share_wp_showwp_never,0,1,1,1,30,0.967
official.mpmissions,share_wp_synced,0,0.235,0.500,0.833,30,0.252
official.mpmissions,share_wp_timeout,0,0,0.201,0.404,30,0.059
official.mpmissions,sides_present,1,2,3,3,30,2.200
official.mpmissions,sound_files,0,2,8,11,30,2.900
official.mpmissions,sqm_text_kb,14.942,45.806,69.187,97.554,30,46.772
official.mpmissions,start_fog,0,0,0,0.281,30,0.016
official.mpmissions,start_hour,3,7,8.300,15,30,7.300
official.mpmissions,start_overcast,0.056,0.500,0.509,0.749,30,0.483
official.mpmissions,stringtable_en_words,7,80,144.500,211,30,88.567
official.mpmissions,stringtable_keys,4,24,31.100,39,30,22.400
official.mpmissions,stringtable_languages,6,6,7,7,30,6.133
official.mpmissions,sync_dangling,0,0,0,0,30,0
official.mpmissions,sync_ids,0,4,16,24,30,6.400
official.mpmissions,sync_wp_trig,0,4,16,24,30,6.167
official.mpmissions,sync_wp_wp,0,0,0,5,30,0.233
official.mpmissions,trig_area,1,3.500,10,23,30,5.200
official.mpmissions,trig_area_radius_m_median,6,265,1470.500,2915,30,449.986
official.mpmissions,trig_attached_object,0,0,3.100,10,30,0.767
official.mpmissions,trig_cond_true,0,1,2,12,30,1.533
official.mpmissions,trig_condition_only,1,15,41.500,65,30,18.700
official.mpmissions,trig_countdown_mode,0,0,2,21,30,1.367
official.mpmissions,trig_custom_cond,2,16,45.400,71,30,20.600
official.mpmissions,trig_effects,0,2,5.400,27,30,3.333
official.mpmissions,trig_end,0,1,3,5,30,1.367
official.mpmissions,trig_group_attached,0,0,0,0,30,0
official.mpmissions,trig_guarded,0,0,0,0,30,0
official.mpmissions,trig_lose,0,0,0,0,30,0
official.mpmissions,trig_named,0,1.500,3,8,30,1.467
official.mpmissions,trig_onact,2,16,42.100,56,30,19.600
official.mpmissions,trig_ondeact,0,0,8.100,34,30,2.467
official.mpmissions,trig_radio,0,0,1,1,30,0.367
official.mpmissions,trig_rect,0,0,4,13,30,1.267
official.mpmissions,trig_repeating,0,7.500,36.600,66,30,11.867
official.mpmissions,trig_switch,0,2,6,10,30,2.767
official.mpmissions,trig_synced,0,2,6.100,10,30,2.800
official.mpmissions,trig_text,4,20,51.100,57,30,22.833
official.mpmissions,trig_timeout_mode,0,4,14.700,34,30,6.800
official.mpmissions,trig_timer,1,4.500,21.400,36,30,8.167
official.mpmissions,triggers,4,20,52.100,75,30,24.267
official.mpmissions,units,8,13,89.500,104,30,32.833
official.mpmissions,units_alt_start_markers,0,0,0,1,30,0.033
official.mpmissions,units_damaged_or_low,0,0,1,21,30,0.800
official.mpmissions,units_kind_air,0,0,0,0,30,0
official.mpmissions,units_kind_armored,0,0,10,11,30,2.667
official.mpmissions,units_kind_car,0,0,2,3,30,0.367
official.mpmissions,units_kind_men,8,12,80.300,93,30,29.267
official.mpmissions,units_kind_ship,0,0,0,0,30,0
official.mpmissions,units_kind_static,0,0,0,0,30,0
official.mpmissions,units_kind_support,0,0,1,2,30,0.233
official.mpmissions,units_kind_unknown,0,0,0,0,30,0
official.mpmissions,units_per_group_max,1,6,9.100,10,30,5.633
official.mpmissions,units_per_group_median,1,3.250,6,8,30,3.283
official.mpmissions,units_placement_radius,0,0,8,12,30,1.533
official.mpmissions,units_presence_cond,0,0,0,0,30,0
official.mpmissions,units_presence_lt1,0,0,1.100,10,30,0.567
official.mpmissions,waypoints,2,19.500,60.500,67,30,27.800
official.mpmissions,wp_and,0,0,0,6,30,0.200
official.mpmissions,wp_cycle,0,2,8,12,30,2.933
official.mpmissions,wp_destroy,0,0,0,0,30,0
official.mpmissions,wp_getin,0,0,3.100,5,30,0.667
official.mpmissions,wp_getout,0,0,1.100,5,30,0.367
official.mpmissions,wp_guard,0,0,3.200,9,30,0.833
official.mpmissions,wp_hold,0,4,16,24,30,6.200
official.mpmissions,wp_join,0,0,0,0,30,0
official.mpmissions,wp_leader,0,0,0,0,30,0
official.mpmissions,wp_leg_m_median,0.587,141.978,444.087,2532.161,30,303.646
official.mpmissions,wp_load,0,0,0,0,30,0
official.mpmissions,wp_move,0,10,33.200,39,30,13.967
official.mpmissions,wp_or,0,0,0,0,30,0
official.mpmissions,wp_sad,0,0,7.200,16,30,2.367
official.mpmissions,wp_scripted,0,0,0,0,30,0
official.mpmissions,wp_sentry,0,0,0,0,30,0
official.mpmissions,wp_support,0,0,0,1,30,0.033
official.mpmissions,wp_talk,0,0,0,0,30,0
official.mpmissions,wp_tr_unload,0,0,0,1,30,0.033
official.mpmissions,wp_unload,0,0,1,2,30,0.200
official.mpmissions,wps_per_group_mean,0.667,3,4.462,5,30,2.823
official.mpmissions.coop,addons_required,0,0.500,4.300,5,8,1.500
official.mpmissions.coop,any_placement_radius,0,0.500,1,1,8,0.500
official.mpmissions.coop,any_presence_condition,0,0,0,0,8,0
official.mpmissions.coop,any_presence_random,0,0,1,1,8,0.375
official.mpmissions.coop,ao_extent_m,1224.233,2098.820,3054.949,4163.784,8,2200.307
official.mpmissions.coop,briefing_debrief_sections,2,6,6,6,8,5.500
official.mpmissions.coop,briefing_has_plan,1,1,1,1,8,1
official.mpmissions.coop,briefing_images,0,0,0,0,8,0
official.mpmissions.coop,briefing_languages,5,5,6,6,8,5.375
official.mpmissions.coop,briefing_marker_links,2,3.500,9,9,8,4.750
official.mpmissions.coop,briefing_objectives,1,2,3.300,4,8,2.375
official.mpmissions.coop,briefing_side_variants,0,0,0,0,8,0
official.mpmissions.coop,briefing_words_debriefing,13,28.500,52.700,73,8,32.750
official.mpmissions.coop,briefing_words_main,21,85.500,131.400,179,8,87.875
official.mpmissions.coop,briefing_words_notes_plan,26,113,162.100,223,8,112.875
official.mpmissions.coop,briefing_words_objectives,8,39.500,54.200,57,8,34.500
official.mpmissions.coop,briefing_words_plan,5,27.500,39.100,44,8,25
official.mpmissions.coop,briefing_words_total,58,200.500,281.400,336,8,193.375
official.mpmissions.coop,civ_units,0,0,0.300,1,8,0.125
official.mpmissions.coop,desc_cfgidentities_entries,0,0,0,0,7,0
official.mpmissions.coop,desc_cfgmusic_entries,0,0,0,0,7,0
official.mpmissions.coop,desc_cfgradio_entries,0,2,8.800,10,7,4.143
official.mpmissions.coop,desc_cfgsounds_entries,0,0,1,1,7,0.286
official.mpmissions.coop,desc_has_gear_pool,0,0,1,1,7,0.429
official.mpmissions.coop,desc_has_identities,0,0,0,0,7,0
official.mpmissions.coop,desc_has_params,0,0,0,0,7,0
official.mpmissions.coop,desc_has_respawn,0,1,1,1,7,0.571
official.mpmissions.coop,desc_magazines_entries,0,0,6.400,7,7,2.143
official.mpmissions.coop,desc_rsctitles_entries,0,0,0,0,7,0
official.mpmissions.coop,desc_top_classes,0,3,6,6,7,3.143
official.mpmissions.coop,desc_top_keys,0,2,3,3,7,1.714
official.mpmissions.coop,desc_weapons_entries,0,0,3.400,4,7,1.143
official.mpmissions.coop,distinct_end_types,1,1,3.600,5,8,1.875
official.mpmissions.coop,empty_kind_objects,1,9.500,83,125,8,31.125
official.mpmissions.coop,empty_kind_vehicles,3,7,11.400,17,8,7.625
official.mpmissions.coop,empty_named,0,0,2.300,3,8,0.625
official.mpmissions.coop,empty_vehicles,7,14,94.400,142,8,38.750
official.mpmissions.coop,empty_with_init,0,1.500,4.300,5,8,2
official.mpmissions.coop,enemy_to_friendly_ratio,2.680,5.735,11.737,15.500,8,7.187
official.mpmissions.coop,enemy_units,43,66.500,84.900,87,8,66.875
official.mpmissions.coop,files,8,14.500,24.900,27,8,15.875
official.mpmissions.coop,folder_kb,18.198,114.757,787.725,892.940,8,311.321
official.mpmissions.coop,friendly_units,4,10,21.500,25,8,12.125
official.mpmissions.coop,fx_camera,0,0,0.600,2,8,0.250
official.mpmissions.coop,fx_music,0,0,0,0,8,0
official.mpmissions.coop,fx_sound_or_voice,0,0,0,0,8,0
official.mpmissions.coop,fx_title,0,1,3.600,5,8,1.500
official.mpmissions.coop,groups,15,19.500,28.700,35,8,21.250
official.mpmissions.coop,groups_over_12,0,0,0,0,8,0
official.mpmissions.coop,has_any_cutscene_section,0,0,0.300,1,8,0.125
official.mpmissions.coop,has_briefing,1,1,1,1,8,1
official.mpmissions.coop,has_description_ext,0,1,1,1,8,0.875
official.mpmissions.coop,has_end_trigger,1,1,1,1,8,1
official.mpmissions.coop,has_intro,0,0,0.300,1,8,0.125
official.mpmissions.coop,has_lose_trigger,0,0,0,0,8,0
official.mpmissions.coop,has_outroloose,0,0,0,0,8,0
official.mpmissions.coop,has_outrowin,0,0,0,0,8,0
official.mpmissions.coop,has_overview,0,0.500,1,1,8,0.500
official.mpmissions.coop,has_script_exit,0,0,0,0,8,0
official.mpmissions.coop,has_script_init,0,0.500,1,1,8,0.500
official.mpmissions.coop,has_script_intro,0,0,0.300,1,8,0.125
official.mpmissions.coop,has_script_intro_any,0,0,0.300,1,8,0.125
official.mpmissions.coop,has_script_outro,0,0,1,1,8,0.375
official.mpmissions.coop,has_script_outro2,0,0,0,0,8,0
official.mpmissions.coop,has_script_outro_any,0,0,1,1,8,0.375
official.mpmissions.coop,has_stringtable,1,1,1,1,8,1
official.mpmissions.coop,image_files,0,0.500,1,1,8,0.500
official.mpmissions.coop,intro_triggers,1,1,1,1,1,1
official.mpmissions.coop,intro_units,42,42,42,42,1,42
official.mpmissions.coop,intro_waypoints,13,13,13,13,1,13
official.mpmissions.coop,is_dawn_dusk_start,0,0,1,1,8,0.375
official.mpmissions.coop,is_night_start,0,0,0.300,1,8,0.125
official.mpmissions.coop,lip_files,0,0,0,0,8,0
official.mpmissions.coop,markers,2,9.500,59.900,69,8,23
official.mpmissions.coop,markers_area,0,2.500,3.300,4,8,2
official.mpmissions.coop,markers_hidden_empty,0,1,3.200,6,8,1.500
official.mpmissions.coop,markers_icon,2,6.500,56.900,66,8,21
official.mpmissions.coop,markers_with_text,1,3,6,6,8,3.375
official.mpmissions.coop,objects_total,112,223.500,288.300,310,8,211.250
official.mpmissions.coop,overview_has_image,1,1,1,1,4,1
official.mpmissions.coop,overview_words,0,19,29.400,33,4,17.750
official.mpmissions.coop,playable_units,4,7.500,10.500,14,8,7.750
official.mpmissions.coop,player_route_m,843.615,1164.699,1811.867,2038.879,6,1275.945
official.mpmissions.coop,player_units,1,1,1,1,8,1
official.mpmissions.coop,script_camcreate_calls,0,0,1.300,2,8,0.500
official.mpmissions.coop,script_endmission_calls,0,0,0,0,8,0
official.mpmissions.coop,script_files,0,1.500,2.900,5,8,1.500
official.mpmissions.coop,script_lines,0,9,46.900,105,8,20.875
official.mpmissions.coop,script_objstatus_calls,0,0,0.300,1,8,0.125
official.mpmissions.coop,share_groups_no_wp,0,0.110,0.303,0.543,8,0.159
official.mpmissions.coop,share_groups_patrol_cycle,0,0.119,0.313,0.421,8,0.147
official.mpmissions.coop,share_groups_single_unit,0,0.244,0.446,0.629,8,0.273
official.mpmissions.coop,share_units_cargo,0,0,0.085,0.106,8,0.030
official.mpmissions.coop,share_units_fly,0,0,0,0,8,0
official.mpmissions.coop,share_units_init_exec,0,0,0,0,8,0
official.mpmissions.coop,share_units_named,0,0.067,0.146,0.151,8,0.076
official.mpmissions.coop,share_units_none_special,0,0,0.103,0.202,8,0.033
official.mpmissions.coop,share_units_with_init,0,0.113,0.356,0.534,8,0.164
official.mpmissions.coop,share_wp_attached,0,0.044,0.104,0.122,8,0.053
official.mpmissions.coop,share_wp_cond,0,0,0.110,0.217,8,0.041
official.mpmissions.coop,share_wp_description,0,0,0.035,0.045,8,0.009
official.mpmissions.coop,share_wp_effects,0,0,0,0,8,0
official.mpmissions.coop,share_wp_onact,0,0.012,0.061,0.090,8,0.024
official.mpmissions.coop,share_wp_script,0,0,0,0,8,0
official.mpmissions.coop,share_wp_showwp_never,1,1,1,1,8,1
official.mpmissions.coop,share_wp_synced,0.022,0.166,0.240,0.244,8,0.158
official.mpmissions.coop,share_wp_timeout,0,0.062,0.259,0.404,8,0.111
official.mpmissions.coop,sides_present,2,2,2.300,3,8,2.125
official.mpmissions.coop,sound_files,0,1,8.600,10,8,3.500
official.mpmissions.coop,sqm_text_kb,27.661,54.374,69.706,74.896,8,53.849
official.mpmissions.coop,start_fog,0,0,0.228,0.281,8,0.061
official.mpmissions.coop,start_hour,3,6.500,7.300,8,8,6.250
official.mpmissions.coop,start_overcast,0.056,0.500,0.706,0.749,8,0.510
official.mpmissions.coop,stringtable_en_words,7,45.500,180.900,211,8,81.625
official.mpmissions.coop,stringtable_keys,4,11.500,21.900,24,8,11.750
official.mpmissions.coop,stringtable_languages,6,6,7,7,8,6.375
official.mpmissions.coop,sync_dangling,0,0,0,0,8,0
official.mpmissions.coop,sync_ids,1,5.500,12.500,16,8,7.250
official.mpmissions.coop,sync_wp_trig,1,5.500,11.800,16,8,6.375
official.mpmissions.coop,sync_wp_wp,0,0,2.900,5,8,0.875
official.mpmissions.coop,trig_area,2,7,16,23,8,8.500
official.mpmissions.coop,trig_area_radius_m_median,25,275,680,1450,8,364.375
official.mpmissions.coop,trig_attached_object,0,2,5.800,10,8,2.875
official.mpmissions.coop,trig_cond_true,0,1,5,12,8,2.250
official.mpmissions.coop,trig_condition_only,1,5.500,21.500,39,8,10.500
official.mpmissions.coop,trig_countdown_mode,0,1,12.600,21,8,4.250
official.mpmissions.coop,trig_custom_cond,2,11.500,26.100,45,8,13.875
official.mpmissions.coop,trig_effects,0,1.500,16.500,27,8,5.875
official.mpmissions.coop,trig_end,1,1,3.600,5,8,1.875
official.mpmissions.coop,trig_group_attached,0,0,0,0,8,0
official.mpmissions.coop,trig_guarded,0,0,0,0,8,0
official.mpmissions.coop,trig_lose,0,0,0,0,8,0
official.mpmissions.coop,trig_named,0,0,0.300,1,8,0.125
official.mpmissions.coop,trig_onact,2,9,24.400,30,8,12.750
official.mpmissions.coop,trig_ondeact,0,0,1.300,2,8,0.375
official.mpmissions.coop,trig_radio,0,0,0.300,1,8,0.125
official.mpmissions.coop,trig_rect,0,1.500,8.100,13,8,3.250
official.mpmissions.coop,trig_repeating,0,1,3.800,8,8,1.750
official.mpmissions.coop,trig_switch,0,1,4.300,5,8,1.625
official.mpmissions.coop,trig_synced,1,2,5.600,7,8,3
official.mpmissions.coop,trig_text,4,15.500,30.300,52,8,18
official.mpmissions.coop,trig_timeout_mode,0,2.500,7.700,14,8,3.625
official.mpmissions.coop,trig_timer,1,4,17.500,35,8,7.875
official.mpmissions.coop,triggers,4,16,35.200,52,8,19.125
official.mpmissions.coop,units,52,81,101.200,104,8,79.250
official.mpmissions.coop,units_alt_start_markers,0,0,0.300,1,8,0.125
official.mpmissions.coop,units_damaged_or_low,0,0,7,21,8,2.750
official.mpmissions.coop,units_kind_air,0,0,0,0,8,0
official.mpmissions.coop,units_kind_armored,2,8,10,10,8,7.250
official.mpmissions.coop,units_kind_car,0,1.500,2.300,3,8,1.250
official.mpmissions.coop,units_kind_men,48,72,89.500,93,8,70.250
official.mpmissions.coop,units_kind_ship,0,0,0,0,8,0
official.mpmissions.coop,units_kind_static,0,0,0,0,8,0
official.mpmissions.coop,units_kind_support,0,0,1,1,8,0.375
official.mpmissions.coop,units_kind_unknown,0,0,0,0,8,0
official.mpmissions.coop,units_per_group_max,6,9,10,10,8,8.750
official.mpmissions.coop,units_per_group_median,1,3,4.950,6,8,3.375
official.mpmissions.coop,units_placement_radius,0,0,5,5,8,1.250
official.mpmissions.coop,units_presence_cond,0,0,0,0,8,0
official.mpmissions.coop,units_presence_lt1,0,0,5.800,10,8,2
official.mpmissions.coop,waypoints,31,49,66.300,67,8,51.125
official.mpmissions.coop,wp_and,0,0,1.800,6,8,0.750
official.mpmissions.coop,wp_cycle,0,2,5.900,8,8,2.625
official.mpmissions.coop,wp_destroy,0,0,0,0,8,0
official.mpmissions.coop,wp_getin,0,2.500,4.300,5,8,2.375
official.mpmissions.coop,wp_getout,0,0.500,2.900,5,8,1.250
official.mpmissions.coop,wp_guard,0,2,6.200,9,8,2.875
official.mpmissions.coop,wp_hold,1,4.500,14.600,23,8,7
official.mpmissions.coop,wp_join,0,0,0,0,8,0
official.mpmissions.coop,wp_leader,0,0,0,0,8,0
official.mpmissions.coop,wp_leg_m_median,3.419,67.121,171.247,205.344,8,86.221
official.mpmissions.coop,wp_load,0,0,0,0,8,0
official.mpmissions.coop,wp_move,18,26.500,36.200,39,8,28.250
official.mpmissions.coop,wp_or,0,0,0,0,8,0
official.mpmissions.coop,wp_sad,0,5,9.900,12,8,5.125
official.mpmissions.coop,wp_scripted,0,0,0,0,8,0
official.mpmissions.coop,wp_sentry,0,0,0,0,8,0
official.mpmissions.coop,wp_support,0,0,0.300,1,8,0.125
official.mpmissions.coop,wp_talk,0,0,0,0,8,0
official.mpmissions.coop,wp_tr_unload,0,0,0.300,1,8,0.125
official.mpmissions.coop,wp_unload,0,0.500,1.300,2,8,0.625
official.mpmissions.coop,wps_per_group_mean,1.314,2.655,3.317,3.474,8,2.513
official.mpmissions.deathmatch,addons_required,0,0,2.600,3,5,1
official.mpmissions.deathmatch,any_placement_radius,0,1,1,1,5,0.800
official.mpmissions.deathmatch,any_presence_condition,0,0,0,0,5,0
official.mpmissions.deathmatch,any_presence_random,0,0,0,0,5,0
official.mpmissions.deathmatch,ao_extent_m,3.300,161.776,3059.169,3301.960,5,1255.141
official.mpmissions.deathmatch,briefing_debrief_sections,6,6,6,6,5,6
official.mpmissions.deathmatch,briefing_has_plan,1,1,1,1,5,1
official.mpmissions.deathmatch,briefing_images,0,0,0,0,5,0
official.mpmissions.deathmatch,briefing_languages,5,5,5,5,5,5
official.mpmissions.deathmatch,briefing_marker_links,0,2,2,2,5,1.600
official.mpmissions.deathmatch,briefing_objectives,0,0,0,0,5,0
official.mpmissions.deathmatch,briefing_side_variants,0,0,0,0,5,0
official.mpmissions.deathmatch,briefing_words_debriefing,15,15,15,15,5,15
official.mpmissions.deathmatch,briefing_words_main,31,64,64,64,5,57.400
official.mpmissions.deathmatch,briefing_words_notes_plan,60,116,116,116,5,104.800
official.mpmissions.deathmatch,briefing_words_objectives,0,0,0,0,5,0
official.mpmissions.deathmatch,briefing_words_plan,29,52,52,52,5,47.400
official.mpmissions.deathmatch,briefing_words_total,75,131,131,131,5,119.800
official.mpmissions.deathmatch,civ_units,0,1,5.200,8,5,2
official.mpmissions.deathmatch,desc_cfgidentities_entries,0,0,0,0,5,0
official.mpmissions.deathmatch,desc_cfgmusic_entries,0,0,0,0,5,0
official.mpmissions.deathmatch,desc_cfgradio_entries,0,0,0,0,5,0
official.mpmissions.deathmatch,desc_cfgsounds_entries,0,2,2,2,5,1.600
official.mpmissions.deathmatch,desc_has_gear_pool,0,0,0,0,5,0
official.mpmissions.deathmatch,desc_has_identities,0,0,0,0,5,0
official.mpmissions.deathmatch,desc_has_params,1,1,1,1,5,1
official.mpmissions.deathmatch,desc_has_respawn,1,1,1,1,5,1
official.mpmissions.deathmatch,desc_magazines_entries,0,0,0,0,5,0
official.mpmissions.deathmatch,desc_rsctitles_entries,0,0,0,0,5,0
official.mpmissions.deathmatch,desc_top_classes,0,1,1,1,5,0.800
official.mpmissions.deathmatch,desc_top_keys,11,11,11.600,12,5,11.200
official.mpmissions.deathmatch,desc_weapons_entries,0,0,0,0,5,0
official.mpmissions.deathmatch,distinct_end_types,1,1,1,1,5,1
official.mpmissions.deathmatch,empty_kind_objects,58,72,82.400,86,5,73
official.mpmissions.deathmatch,empty_kind_vehicles,0,2,7,7,5,3.200
official.mpmissions.deathmatch,empty_named,0,1,16.400,18,5,6.800
official.mpmissions.deathmatch,empty_vehicles,65,74,85.200,86,5,76.200
official.mpmissions.deathmatch,empty_with_init,7,8,8.600,9,5,8
official.mpmissions.deathmatch,enemy_to_friendly_ratio,0,0,0,0,5,0
official.mpmissions.deathmatch,enemy_units,0,0,0,0,5,0
official.mpmissions.deathmatch,files,9,12,18,18,5,13.800
official.mpmissions.deathmatch,folder_kb,19.361,106.835,144.544,145.830,5,104.224
official.mpmissions.deathmatch,friendly_units,8,8,10.400,12,5,8.800
official.mpmissions.deathmatch,fx_camera,0,0,0,0,5,0
official.mpmissions.deathmatch,fx_music,0,0,0,0,5,0
official.mpmissions.deathmatch,fx_sound_or_voice,0,2,2,2,5,1.600
official.mpmissions.deathmatch,fx_title,0,0,0.600,1,5,0.200
official.mpmissions.deathmatch,groups,8,9,11.400,13,5,9.600
official.mpmissions.deathmatch,groups_over_12,0,0,0,0,5,0
official.mpmissions.deathmatch,has_any_cutscene_section,0,0,0,0,5,0
official.mpmissions.deathmatch,has_briefing,1,1,1,1,5,1
official.mpmissions.deathmatch,has_description_ext,1,1,1,1,5,1
official.mpmissions.deathmatch,has_end_trigger,1,1,1,1,5,1
official.mpmissions.deathmatch,has_intro,0,0,0,0,5,0
official.mpmissions.deathmatch,has_lose_trigger,0,0,0,0,5,0
official.mpmissions.deathmatch,has_outroloose,0,0,0,0,5,0
official.mpmissions.deathmatch,has_outrowin,0,0,0,0,5,0
official.mpmissions.deathmatch,has_overview,0,0,1,1,5,0.400
official.mpmissions.deathmatch,has_script_exit,0,0,0,0,5,0
official.mpmissions.deathmatch,has_script_init,1,1,1,1,5,1
official.mpmissions.deathmatch,has_script_intro,0,0,0,0,5,0
official.mpmissions.deathmatch,has_script_intro_any,0,0,0,0,5,0
official.mpmissions.deathmatch,has_script_outro,0,1,1,1,5,0.800
official.mpmissions.deathmatch,has_script_outro2,0,0,0,0,5,0
official.mpmissions.deathmatch,has_script_outro_any,0,1,1,1,5,0.800
official.mpmissions.deathmatch,has_stringtable,1,1,1,1,5,1
official.mpmissions.deathmatch,image_files,0,0,1,1,5,0.400
official.mpmissions.deathmatch,is_dawn_dusk_start,0,0,0,0,5,0
official.mpmissions.deathmatch,is_night_start,0,0,0,0,5,0
official.mpmissions.deathmatch,lip_files,0,0,0,0,5,0
official.mpmissions.deathmatch,markers,2,27,38.600,39,5,26.600
official.mpmissions.deathmatch,markers_area,1,1,1,1,5,1
official.mpmissions.deathmatch,markers_hidden_empty,0,0,0.600,1,5,0.200
official.mpmissions.deathmatch,markers_icon,1,26,37.600,38,5,25.600
official.mpmissions.deathmatch,markers_with_text,0,0,0,0,5,0
official.mpmissions.deathmatch,objects_total,121,176,198.800,204,5,172.600
official.mpmissions.deathmatch,overview_has_image,1,1,1,1,2,1
official.mpmissions.deathmatch,overview_words,31,31,31,31,2,31
official.mpmissions.deathmatch,playable_units,8,8,10.800,12,5,9
official.mpmissions.deathmatch,player_route_m,78.151,375.854,510.228,573.773,5,320.733
official.mpmissions.deathmatch,player_units,1,1,1,1,5,1
official.mpmissions.deathmatch,script_camcreate_calls,0,1,1,1,5,0.800
official.mpmissions.deathmatch,script_endmission_calls,0,0,0,0,5,0
official.mpmissions.deathmatch,script_files,1,2,2,2,5,1.800
official.mpmissions.deathmatch,script_lines,2,21,28.200,29,5,19.800
official.mpmissions.deathmatch,script_objstatus_calls,0,0,0,0,5,0
official.mpmissions.deathmatch,share_groups_no_wp,0,0,0.111,0.111,5,0.044
official.mpmissions.deathmatch,share_groups_patrol_cycle,0.889,0.889,0.969,1,5,0.918
official.mpmissions.deathmatch,share_groups_single_unit,1,1,1,1,5,1
official.mpmissions.deathmatch,share_units_cargo,0,0,0,0,5,0
official.mpmissions.deathmatch,share_units_fly,0,0,0,0,5,0
official.mpmissions.deathmatch,share_units_init_exec,0,0,0,0,5,0
official.mpmissions.deathmatch,share_units_named,0.889,1,1,1,5,0.956
official.mpmissions.deathmatch,share_units_none_special,0,0,0,0,5,0
official.mpmissions.deathmatch,share_units_with_init,0.889,0.889,0.969,1,5,0.918
official.mpmissions.deathmatch,share_wp_attached,0,0,0,0,5,0
official.mpmissions.deathmatch,share_wp_cond,0,0.200,0.200,0.200,5,0.160
official.mpmissions.deathmatch,share_wp_description,0,0,0,0,5,0
official.mpmissions.deathmatch,share_wp_effects,0,0,0,0,5,0
official.mpmissions.deathmatch,share_wp_onact,0,0.200,0.200,0.200,5,0.160
official.mpmissions.deathmatch,share_wp_script,0,0,0,0,5,0
official.mpmissions.deathmatch,share_wp_showwp_never,1,1,1,1,5,1
official.mpmissions.deathmatch,share_wp_synced,0,0.400,0.400,0.400,5,0.320
official.mpmissions.deathmatch,share_wp_timeout,0,0,0,0,5,0
official.mpmissions.deathmatch,sides_present,1,1,2,2,5,1.400
official.mpmissions.deathmatch,sound_files,0,2,2,2,5,1.600
official.mpmissions.deathmatch,sqm_text_kb,29.459,42.777,46.723,47.724,5,41.576
official.mpmissions.deathmatch,start_fog,0,0,0,0,5,0
official.mpmissions.deathmatch,start_hour,7,7,7,7,5,7
official.mpmissions.deathmatch,start_overcast,0.500,0.500,0.500,0.500,5,0.500
official.mpmissions.deathmatch,stringtable_en_words,42,57,69.600,78,5,58.200
official.mpmissions.deathmatch,stringtable_keys,19,23,27.800,31,5,23.800
official.mpmissions.deathmatch,stringtable_languages,6,6,6,6,5,6
official.mpmissions.deathmatch,sync_dangling,0,0,0,0,5,0
official.mpmissions.deathmatch,sync_ids,0,16,20.800,24,5,14.400
official.mpmissions.deathmatch,sync_wp_trig,0,16,20.800,24,5,14.400
official.mpmissions.deathmatch,sync_wp_wp,0,0,0,0,5,0
official.mpmissions.deathmatch,trig_area,2,3,3,3,5,2.800
official.mpmissions.deathmatch,trig_area_radius_m_median,106.336,393.254,636.600,781,5,396.118
official.mpmissions.deathmatch,trig_attached_object,0,0,0,0,5,0
official.mpmissions.deathmatch,trig_cond_true,1,1,1,1,5,1
official.mpmissions.deathmatch,trig_condition_only,11,15,21.800,25,5,16.600
official.mpmissions.deathmatch,trig_countdown_mode,0,0,0,0,5,0
official.mpmissions.deathmatch,trig_custom_cond,12,16,22.800,26,5,17.600
official.mpmissions.deathmatch,trig_effects,1,2,2,2,5,1.800
official.mpmissions.deathmatch,trig_end,1,1,1,1,5,1
official.mpmissions.deathmatch,trig_group_attached,0,0,0,0,5,0
official.mpmissions.deathmatch,trig_guarded,0,0,0,0,5,0
official.mpmissions.deathmatch,trig_lose,0,0,0,0,5,0
official.mpmissions.deathmatch,trig_named,2,3,3,3,5,2.800
official.mpmissions.deathmatch,trig_onact,11,16,18,18,5,15.800
official.mpmissions.deathmatch,trig_ondeact,0,0,4.800,8,5,1.600
official.mpmissions.deathmatch,trig_radio,0,0,0,0,5,0
official.mpmissions.deathmatch,trig_rect,0,0,0,0,5,0
official.mpmissions.deathmatch,trig_repeating,2,6,12.800,16,5,7.600
official.mpmissions.deathmatch,trig_switch,0,2,2,2,5,1.600
official.mpmissions.deathmatch,trig_synced,0,2,2,2,5,1.600
official.mpmissions.deathmatch,trig_text,13,18,20,20,5,17.800
official.mpmissions.deathmatch,trig_timeout_mode,1,4,10.800,14,5,5.800
official.mpmissions.deathmatch,trig_timer,1,4,10.800,14,5,5.800
official.mpmissions.deathmatch,triggers,13,18,24.800,28,5,19.400
official.mpmissions.deathmatch,units,8,9,11.400,13,5,9.600
official.mpmissions.deathmatch,units_alt_start_markers,0,0,0,0,5,0
official.mpmissions.deathmatch,units_damaged_or_low,0,0,0,0,5,0
official.mpmissions.deathmatch,units_kind_air,0,0,0,0,5,0
official.mpmissions.deathmatch,units_kind_armored,0,0,0,0,5,0
official.mpmissions.deathmatch,units_kind_car,0,0,0,0,5,0
official.mpmissions.deathmatch,units_kind_men,8,9,10.800,12,5,9.200
official.mpmissions.deathmatch,units_kind_ship,0,0,0,0,5,0
official.mpmissions.deathmatch,units_kind_static,0,0,0,0,5,0
official.mpmissions.deathmatch,units_kind_support,0,0,0,0,5,0
official.mpmissions.deathmatch,units_kind_unknown,0,0,0,0,5,0
official.mpmissions.deathmatch,units_per_group_max,1,1,1,1,5,1
official.mpmissions.deathmatch,units_per_group_median,1,1,1,1,5,1
official.mpmissions.deathmatch,units_placement_radius,0,8,10.400,12,5,7.200
official.mpmissions.deathmatch,units_presence_cond,0,0,0,0,5,0
official.mpmissions.deathmatch,units_presence_lt1,0,0,0,0,5,0
official.mpmissions.deathmatch,waypoints,24,40,52,60,5,40.800
official.mpmissions.deathmatch,wp_and,0,0,0,0,5,0
official.mpmissions.deathmatch,wp_cycle,8,8,10.400,12,5,8.800
official.mpmissions.deathmatch,wp_destroy,0,0,0,0,5,0
official.mpmissions.deathmatch,wp_getin,0,0,0,0,5,0
official.mpmissions.deathmatch,wp_getout,0,0,0,0,5,0
official.mpmissions.deathmatch,wp_guard,0,0,0,0,5,0
official.mpmissions.deathmatch,wp_hold,0,16,20.800,24,5,14.400
official.mpmissions.deathmatch,wp_join,0,0,0,0,5,0
official.mpmissions.deathmatch,wp_leader,0,0,0,0,5,0
official.mpmissions.deathmatch,wp_leg_m_median,21.875,27.702,43.695,53.966,5,31.264
official.mpmissions.deathmatch,wp_load,0,0,0,0,5,0
official.mpmissions.deathmatch,wp_move,0,16,20.800,24,5,14.400
official.mpmissions.deathmatch,wp_or,0,0,0,0,5,0
official.mpmissions.deathmatch,wp_sad,0,0,9.600,16,5,3.200
official.mpmissions.deathmatch,wp_scripted,0,0,0,0,5,0
official.mpmissions.deathmatch,wp_sentry,0,0,0,0,5,0
official.mpmissions.deathmatch,wp_support,0,0,0,0,5,0
official.mpmissions.deathmatch,wp_talk,0,0,0,0,5,0
official.mpmissions.deathmatch,wp_tr_unload,0,0,0,0,5,0
official.mpmissions.deathmatch,wp_unload,0,0,0,0,5,0
official.mpmissions.deathmatch,wps_per_group_mean,3,4.444,4.547,4.615,5,4.190
official.mpmissions.team,addons_required,0,2,4.800,9,17,2
official.mpmissions.team,any_placement_radius,0,0,1,1,17,0.235
official.mpmissions.team,any_presence_condition,0,0,0,0,17,0
official.mpmissions.team,any_presence_random,0,0,0,1,17,0.059
official.mpmissions.team,ao_extent_m,153.823,1938.965,5050.135,5355.959,17,2619.163
official.mpmissions.team,briefing_debrief_sections,1,6,6,6,17,5.706
official.mpmissions.team,briefing_has_plan,1,1,1,1,17,1
official.mpmissions.team,briefing_images,0,0,0,0,17,0
official.mpmissions.team,briefing_languages,1,5,6,6,17,4.824
official.mpmissions.team,briefing_marker_links,3,7,14,22,17,8.471
official.mpmissions.team,briefing_objectives,0,2,4,5,17,2.059
official.mpmissions.team,briefing_side_variants,0,0,3.600,6,17,1.059
official.mpmissions.team,briefing_words_debriefing,3,13,26.200,33,17,16.647
official.mpmissions.team,briefing_words_main,14,81,160,182,17,94.529
official.mpmissions.team,briefing_words_notes_plan,47,124,241.400,368,17,142.176
official.mpmissions.team,briefing_words_objectives,0,19,32.400,50,17,16.353
official.mpmissions.team,briefing_words_plan,0,22,131.400,220,17,47.647
official.mpmissions.team,briefing_words_total,93,159,274.800,383,17,181.235
official.mpmissions.team,civ_units,0,0,1,5,17,0.706
official.mpmissions.team,desc_cfgidentities_entries,0,0,0,0,17,0
official.mpmissions.team,desc_cfgmusic_entries,0,0,0,0,17,0
official.mpmissions.team,desc_cfgradio_entries,0,0,2.400,6,17,0.706
official.mpmissions.team,desc_cfgsounds_entries,0,1,4,11,17,2.294
official.mpmissions.team,desc_has_gear_pool,0,0,0,0,17,0
official.mpmissions.team,desc_has_identities,0,0,0,0,17,0
official.mpmissions.team,desc_has_params,0,1,1,1,17,0.824
official.mpmissions.team,desc_has_respawn,0,1,1,1,17,0.882
official.mpmissions.team,desc_magazines_entries,0,0,0,0,17,0
official.mpmissions.team,desc_rsctitles_entries,0,0,0,0,17,0
official.mpmissions.team,desc_top_classes,0,1,2.200,4,17,1.118
official.mpmissions.team,desc_top_keys,2,11,12,12,17,9.471
official.mpmissions.team,desc_weapons_entries,0,0,0,0,17,0
official.mpmissions.team,distinct_end_types,0,1,2.400,3,17,1.235
official.mpmissions.team,empty_kind_objects,2,84,161.600,300,17,86.765
official.mpmissions.team,empty_kind_vehicles,0,8,34.400,79,17,15.353
official.mpmissions.team,empty_named,0,2,7.200,21,17,3.824
official.mpmissions.team,empty_vehicles,3,111,174,304,17,102.118
official.mpmissions.team,empty_with_init,0,8,16.400,25,17,8.529
official.mpmissions.team,enemy_to_friendly_ratio,0.500,1,5.080,11.200,17,2.145
official.mpmissions.team,enemy_units,4,5,27.200,56,17,11.059
official.mpmissions.team,files,8,16,24.400,40,17,17.706
official.mpmissions.team,folder_kb,20.010,185.405,416.153,763.285,17,207.318
official.mpmissions.team,friendly_units,4,5,7.400,16,17,5.706
official.mpmissions.team,fx_camera,0,0,0,0,17,0
official.mpmissions.team,fx_music,0,0,0,0,17,0
official.mpmissions.team,fx_sound_or_voice,0,2,4,9,17,2.412
official.mpmissions.team,fx_title,0,0,0.400,3,17,0.235
official.mpmissions.team,groups,2,3,11.400,15,17,5.294
official.mpmissions.team,groups_over_12,0,0,0,0,17,0
official.mpmissions.team,has_any_cutscene_section,0,0,0,0,17,0
official.mpmissions.team,has_briefing,1,1,1,1,17,1
official.mpmissions.team,has_description_ext,1,1,1,1,17,1
official.mpmissions.team,has_end_trigger,0,1,1,1,17,0.941
official.mpmissions.team,has_intro,0,0,0,0,17,0
official.mpmissions.team,has_lose_trigger,0,0,0,0,17,0
official.mpmissions.team,has_outroloose,0,0,0,0,17,0
official.mpmissions.team,has_outrowin,0,0,0,0,17,0
official.mpmissions.team,has_overview,0,0,1,1,17,0.176
official.mpmissions.team,has_script_exit,0,0,0,0,17,0
official.mpmissions.team,has_script_init,0,1,1,1,17,0.765
official.mpmissions.team,has_script_intro,0,0,0,1,17,0.059
official.mpmissions.team,has_script_intro_any,0,0,0,1,17,0.059
official.mpmissions.team,has_script_outro,0,1,1,1,17,0.765
official.mpmissions.team,has_script_outro2,0,0,0,1,17,0.059
official.mpmissions.team,has_script_outro_any,0,1,1,1,17,0.765
official.mpmissions.team,has_stringtable,1,1,1,1,17,1
official.mpmissions.team,image_files,0,0,1,2,17,0.353
official.mpmissions.team,is_dawn_dusk_start,0,0,0,1,17,0.059
official.mpmissions.team,is_night_start,0,0,0,0,17,0
official.mpmissions.team,lip_files,0,0,0,0,17,0
official.mpmissions.team,markers,5,10,60,61,17,21.176
official.mpmissions.team,markers_area,0,3,9.200,27,17,4.882
official.mpmissions.team,markers_hidden_empty,0,0,6.800,9,17,1.765
official.mpmissions.team,markers_icon,2,7,57.400,58,17,16.294
official.mpmissions.team,markers_with_text,0,0,5.800,9,17,1.765
official.mpmissions.team,objects_total,50,170,286.400,404,17,182.235
official.mpmissions.team,overview_has_image,1,1,1,1,3,1
official.mpmissions.team,overview_words,13,13,28.200,32,3,19.333
official.mpmissions.team,playable_units,3,8,12,17,17,9.118
official.mpmissions.team,player_route_m,216.352,1156.277,2309.420,2513.161,14,1229.777
official.mpmissions.team,player_units,0,1,1,1,17,0.882
official.mpmissions.team,script_camcreate_calls,0,1,1.800,11,17,1.471
official.mpmissions.team,script_endmission_calls,0,0,0,0,17,0
official.mpmissions.team,script_files,0,2,12,20,17,5.529
official.mpmissions.team,script_lines,0,81,264,980,17,137.353
official.mpmissions.team,script_objstatus_calls,0,0,0,0,17,0
official.mpmissions.team,share_groups_no_wp,0,0.250,0.333,0.500,17,0.192
official.mpmissions.team,share_groups_patrol_cycle,0,0.375,0.800,1,17,0.381
official.mpmissions.team,share_groups_single_unit,0,0.333,0.675,1,17,0.385
official.mpmissions.team,share_units_cargo,0,0,0,0,17,0
official.mpmissions.team,share_units_fly,0,0,0,0,17,0
official.mpmissions.team,share_units_init_exec,0,0,0,0,17,0
official.mpmissions.team,share_units_named,0,1,1,1,17,0.721
official.mpmissions.team,share_units_none_special,0,0,0.402,0.923,17,0.116
official.mpmissions.team,share_units_with_init,0,0.042,0.248,0.444,17,0.101
official.mpmissions.team,share_wp_attached,0,0,0.120,0.333,17,0.034
official.mpmissions.team,share_wp_cond,0,0,0.200,0.200,17,0.059
official.mpmissions.team,share_wp_description,0,0,0.042,1,17,0.064
official.mpmissions.team,share_wp_effects,0,0,0,0.111,17,0.007
official.mpmissions.team,share_wp_onact,0,0,0.200,0.200,17,0.057
official.mpmissions.team,share_wp_script,0,0,0,0,17,0
official.mpmissions.team,share_wp_showwp_never,0,1,1,1,17,0.941
official.mpmissions.team,share_wp_synced,0,0.267,0.633,0.833,17,0.276
official.mpmissions.team,share_wp_timeout,0,0,0.203,0.208,17,0.053
official.mpmissions.team,sides_present,2,2,3,3,17,2.471
official.mpmissions.team,sound_files,0,3,6,11,17,3
official.mpmissions.team,sqm_text_kb,14.942,38.624,69.471,97.554,17,44.970
official.mpmissions.team,start_fog,0,0,0,0,17,0
official.mpmissions.team,start_hour,6,7,11,15,17,7.882
official.mpmissions.team,start_overcast,0.206,0.500,0.500,0.500,17,0.465
official.mpmissions.team,stringtable_en_words,59,104,139,149,17,100.765
official.mpmissions.team,stringtable_keys,16,28,32,39,17,27
official.mpmissions.team,stringtable_languages,6,6,6,7,17,6.059
official.mpmissions.team,sync_dangling,0,0,0,0,17,0
official.mpmissions.team,sync_ids,0,4,8.800,10,17,3.647
official.mpmissions.team,sync_wp_trig,0,4,8.800,10,17,3.647
official.mpmissions.team,sync_wp_wp,0,0,0,0,17,0
official.mpmissions.team,trig_area,1,2,8.800,10,17,4.353
official.mpmissions.team,trig_area_radius_m_median,6,90,1759,2915,17,506.118
official.mpmissions.team,trig_attached_object,0,0,0,0,17,0
official.mpmissions.team,trig_cond_true,1,1,2,5,17,1.353
official.mpmissions.team,trig_condition_only,3,17,49.200,65,17,23.176
official.mpmissions.team,trig_countdown_mode,0,0,2,2,17,0.412
official.mpmissions.team,trig_custom_cond,6,17,51.400,71,17,24.647
official.mpmissions.team,trig_effects,0,2,4.400,9,17,2.588
official.mpmissions.team,trig_end,0,1,2.400,3,17,1.235
official.mpmissions.team,trig_group_attached,0,0,0,0,17,0
official.mpmissions.team,trig_guarded,0,0,0,0,17,0
official.mpmissions.team,trig_lose,0,0,0,0,17,0
official.mpmissions.team,trig_named,0,2,2.800,8,17,1.706
official.mpmissions.team,trig_onact,8,18,52.400,56,17,23.941
official.mpmissions.team,trig_ondeact,0,0,9.400,34,17,3.706
official.mpmissions.team,trig_radio,0,1,1,1,17,0.588
official.mpmissions.team,trig_rect,0,0,2,4,17,0.706
official.mpmissions.team,trig_repeating,2,9,43.200,66,17,17.882
official.mpmissions.team,trig_switch,0,4,7.600,10,17,3.647
official.mpmissions.team,trig_synced,0,2,7.600,10,17,3.059
official.mpmissions.team,trig_text,8,20,51.800,57,17,26.588
official.mpmissions.team,trig_timeout_mode,0,5,22.600,34,17,8.588
official.mpmissions.team,trig_timer,2,5,22.600,36,17,9
official.mpmissions.team,triggers,8,20,54.600,75,17,28.118
official.mpmissions.team,units,9,12,38.800,61,17,17.824
official.mpmissions.team,units_alt_start_markers,0,0,0,0,17,0
official.mpmissions.team,units_damaged_or_low,0,0,0.400,1,17,0.118
official.mpmissions.team,units_kind_air,0,0,0,0,17,0
official.mpmissions.team,units_kind_armored,0,0,4.400,11,17,1.294
official.mpmissions.team,units_kind_car,0,0,0,1,17,0.059
official.mpmissions.team,units_kind_men,8,11,33.600,48,17,15.882
official.mpmissions.team,units_kind_ship,0,0,0,0,17,0
official.mpmissions.team,units_kind_static,0,0,0,0,17,0
official.mpmissions.team,units_kind_support,0,0,0.800,2,17,0.235
official.mpmissions.team,units_kind_unknown,0,0,0,0,17,0
official.mpmissions.team,units_per_group_max,1,5,8.400,9,17,5.529
official.mpmissions.team,units_per_group_median,1,4,6,8,17,3.912
official.mpmissions.team,units_placement_radius,0,0,0,0,17,0
official.mpmissions.team,units_presence_cond,0,0,0,0,17,0
official.mpmissions.team,units_presence_lt1,0,0,0,1,17,0.059
official.mpmissions.team,waypoints,2,10,28.200,48,17,13
official.mpmissions.team,wp_and,0,0,0,0,17,0
official.mpmissions.team,wp_cycle,0,2,2,3,17,1.353
official.mpmissions.team,wp_destroy,0,0,0,0,17,0
official.mpmissions.team,wp_getin,0,0,0,1,17,0.059
official.mpmissions.team,wp_getout,0,0,0,1,17,0.059
official.mpmissions.team,wp_guard,0,0,0.400,1,17,0.118
official.mpmissions.team,wp_hold,0,4,6,8,17,3.412
official.mpmissions.team,wp_join,0,0,0,0,17,0
official.mpmissions.team,wp_leader,0,0,0,0,17,0
official.mpmissions.team,wp_leg_m_median,0.587,279.814,1122.932,2532.161,17,486.077
official.mpmissions.team,wp_load,0,0,0,0,17,0
official.mpmissions.team,wp_move,0,4,19.200,33,17,7.118
official.mpmissions.team,wp_or,0,0,0,0,17,0
official.mpmissions.team,wp_sad,0,0,2.800,7,17,0.824
official.mpmissions.team,wp_scripted,0,0,0,0,17,0
official.mpmissions.team,wp_sentry,0,0,0,0,17,0
official.mpmissions.team,wp_support,0,0,0,0,17,0
official.mpmissions.team,wp_talk,0,0,0,0,17,0
official.mpmissions.team,wp_tr_unload,0,0,0,0,17,0
official.mpmissions.team,wp_unload,0,0,0,1,17,0.059
official.mpmissions.team,wps_per_group_mean,0.667,3,4.400,5,17,2.566
official.single(all),addons_required,0,1,4.700,6,24,1.708
official.single(all),any_placement_radius,0,1,1,1,24,0.542
official.single(all),any_presence_condition,0,0,0,0,24,0
official.single(all),any_presence_random,0,0,1,1,24,0.458
official.single(all),ao_extent_m,1036.657,3307.747,6299.915,11281.193,24,3887.972
official.single(all),briefing_debrief_sections,3,6,6,6,24,5.875
official.single(all),briefing_has_plan,0,1,1,1,24,0.917
official.single(all),briefing_images,0,0,0,0,24,0
official.single(all),briefing_languages,1,5,6,6,24,5
official.single(all),briefing_marker_links,2,5,8,16,24,5.167
official.single(all),briefing_objectives,1,3,4,8,24,3.083
official.single(all),briefing_side_variants,0,0,0,0,24,0
official.single(all),briefing_words_debriefing,15,33,64.500,90,24,38.125
official.single(all),briefing_words_main,0,68,109.200,179,24,68.458
official.single(all),briefing_words_notes_plan,0,105.500,168.500,223,24,104.667
official.single(all),briefing_words_objectives,5,33,54.400,60,24,31.958
official.single(all),briefing_words_plan,0,38,63,98,24,36.208
official.single(all),briefing_words_total,33,183,256.800,511,24,189.250
official.single(all),civ_units,0,0,0,1,24,0.083
official.single(all),desc_cfgidentities_entries,0,0,0,6,23,0.261
official.single(all),desc_cfgmusic_entries,0,0,0,6,23,0.261
official.single(all),desc_cfgradio_entries,0,5,11.800,40,23,6.739
official.single(all),desc_cfgsounds_entries,0,0,8.400,31,23,3.522
official.single(all),desc_has_gear_pool,0,0,1,1,23,0.435
official.single(all),desc_has_identities,0,0,0,1,23,0.043
official.single(all),desc_has_params,0,0,0,0,23,0
official.single(all),desc_has_respawn,0,0,0,0,23,0
official.single(all),desc_magazines_entries,0,0,7.800,18,23,3.348
official.single(all),desc_rsctitles_entries,0,0,0,0,23,0
official.single(all),desc_top_classes,0,4,6,6,23,3.739
official.single(all),desc_top_keys,1,4,6.600,7,23,3.130
official.single(all),desc_weapons_entries,0,0,6,8,23,1.957
official.single(all),distinct_end_types,1,2.500,4.700,5,24,2.667
official.single(all),empty_kind_objects,0,17.500,52.400,123,24,26.083
official.single(all),empty_kind_vehicles,0,4,14,30,24,7.208
official.single(all),empty_named,0,1,7.700,15,24,2.792
official.single(all),empty_vehicles,1,22,77,136,24,33.292
official.single(all),empty_with_init,0,1,3.700,6,24,1.417
official.single(all),enemy_to_friendly_ratio,0,2.603,24.083,71.500,24,8.979
official.single(all),enemy_units,0,53,98.200,143,24,55.417
official.single(all),files,9,23,39.300,100,24,29.583
official.single(all),folder_kb,50.588,374.560,1898.008,7878.043,24,878.608
official.single(all),friendly_units,1,13.500,36.500,49,24,18.542
official.single(all),fx_camera,0,0,0.700,2,24,0.167
official.single(all),fx_music,0,0,1,3,24,0.458
official.single(all),fx_sound_or_voice,0,0,0.700,4,24,0.250
official.single(all),fx_title,0,0.500,3,5,24,1.208
official.single(all),groups,5,25,39.700,63,24,26.125
official.single(all),groups_over_12,0,0,0,0,24,0
official.single(all),has_any_cutscene_section,0,0,1,1,24,0.417
official.single(all),has_briefing,1,1,1,1,24,1
official.single(all),has_description_ext,0,1,1,1,24,0.958
official.single(all),has_end_trigger,1,1,1,1,24,1
official.single(all),has_intro,0,0,1,1,24,0.417
official.single(all),has_lose_trigger,0,0,0,0,24,0
official.single(all),has_outroloose,0,0,0,0,24,0
official.single(all),has_outrowin,0,0,0,0,24,0
official.single(all),has_overview,1,1,1,1,24,1
official.single(all),has_script_exit,0,0,0,0,24,0
official.single(all),has_script_init,0,1,1,1,24,0.792
official.single(all),has_script_intro,0,0,1,1,24,0.250
official.single(all),has_script_intro_any,0,0,1,1,24,0.292
official.single(all),has_script_outro,0,1,1,1,24,0.792
official.single(all),has_script_outro2,0,0,1,1,24,0.208
official.single(all),has_script_outro_any,0,1,1,1,24,0.792
official.single(all),has_stringtable,0,1,1,1,24,0.958
official.single(all),image_files,1,1,1,1,24,1
official.single(all),intro_triggers,1,2.500,14.200,16,10,4.800
official.single(all),intro_units,8,27,46.600,52,10,27.400
official.single(all),intro_waypoints,2,9,31.100,41,10,12.900
official.single(all),is_dawn_dusk_start,0,0,1,1,24,0.375
official.single(all),is_night_start,0,0,0.700,1,24,0.125
official.single(all),lip_files,0,0,2.400,31,24,1.792
official.single(all),markers,2,9,35,56,24,14.375
official.single(all),markers_area,0,1,3,5,24,1.500
official.single(all),markers_hidden_empty,0,1,5.700,28,24,3.333
official.single(all),markers_icon,2,6.500,31.600,53,24,12.875
official.single(all),markers_with_text,0,2.500,5.700,10,24,2.625
official.single(all),objects_total,35,173,393.900,617,24,215.667
official.single(all),overview_has_image,1,1,1,1,24,1
official.single(all),overview_words,9,21.500,32.100,37,24,21.708
official.single(all),playable_units,1,1,1,1,24,1
official.single(all),player_route_m,181.460,2849.272,13203.312,24898.336,22,5109.819
official.single(all),player_units,1,1,1,1,24,1
official.single(all),script_camcreate_calls,0,1.500,3,5,24,1.750
official.single(all),script_endmission_calls,0,0,0,0,24,0
official.single(all),script_files,0,3,6,11,24,3.583
official.single(all),script_lines,0,60.500,253.900,963,24,132.042
official.single(all),script_objstatus_calls,0,0,2.700,15,24,1.208
official.single(all),share_groups_no_wp,0,0.101,0.522,0.750,24,0.201
official.single(all),share_groups_patrol_cycle,0,0.124,0.391,0.429,24,0.163
official.single(all),share_groups_single_unit,0.123,0.482,0.812,1,24,0.489
official.single(all),share_units_cargo,0,0,0.113,0.558,24,0.050
official.single(all),share_units_fly,0,0,0.029,0.062,24,0.009
official.single(all),share_units_init_exec,0,0,0,0,24,0
official.single(all),share_units_named,0.007,0.162,0.593,1,24,0.252
official.single(all),share_units_none_special,0,0.019,0.217,0.287,24,0.061
official.single(all),share_units_with_init,0.014,0.178,0.353,0.800,24,0.200
official.single(all),share_wp_attached,0,0.033,0.115,0.194,24,0.046
official.single(all),share_wp_cond,0,0.027,0.151,0.247,24,0.053
official.single(all),share_wp_description,0,0.041,0.093,0.107,24,0.038
official.single(all),share_wp_effects,0,0,0.005,0.027,24,0.002
official.single(all),share_wp_onact,0,0.055,0.184,0.286,24,0.077
official.single(all),share_wp_script,0,0,0,0,24,0
official.single(all),share_wp_showwp_never,1,1,1,1,24,1
official.single(all),share_wp_synced,0,0.146,0.289,0.305,24,0.162
official.single(all),share_wp_timeout,0,0.109,0.188,0.200,24,0.105
official.single(all),sides_present,2,2,2,3,24,2.083
official.single(all),sound_files,0,6,18.700,65,24,10.083
official.single(all),sqm_text_kb,16.773,43.530,103.867,181.287,24,60.158
official.single(all),start_fog,0,0,0.448,0.568,24,0.121
official.single(all),start_hour,2,6.500,15.700,17,24,8.250
official.single(all),start_overcast,0.056,0.500,0.793,1,24,0.488
official.single(all),stringtable_en_words,12,100,300.400,917,23,161.652
official.single(all),stringtable_keys,1,15,31,67,23,19.130
official.single(all),stringtable_languages,1,6,7,7,23,6.043
official.single(all),sync_dangling,0,0,0,0,24,0
official.single(all),sync_ids,0,6,22.100,41,24,9.750
official.single(all),sync_wp_trig,0,5,18.900,27,24,7.708
official.single(all),sync_wp_wp,0,1,5.400,14,24,2.042
official.single(all),trig_area,1,7,16.200,36,24,8.958
official.single(all),trig_area_radius_m_median,3,400,979.500,1550,24,490
official.single(all),trig_attached_object,0,3,9,30,24,5.500
official.single(all),trig_cond_true,0,1,6.100,21,24,3.083
official.single(all),trig_condition_only,2,14.500,35.800,78,24,20.167
official.single(all),trig_countdown_mode,0,5,16.400,22,24,7.458
official.single(all),trig_custom_cond,5,20.500,38.200,99,24,23.500
official.single(all),trig_effects,0,7,19,44,24,9.917
official.single(all),trig_end,1,3,4.700,5,24,2.708
official.single(all),trig_group_attached,0,0,0,0,24,0
official.single(all),trig_guarded,0,0,0,7,24,0.417
official.single(all),trig_lose,0,0,0,0,24,0
official.single(all),trig_named,0,0,1.700,3,24,0.458
official.single(all),trig_onact,3,12,30.500,65,24,17.292
official.single(all),trig_ondeact,0,0,1.700,6,24,0.625
official.single(all),trig_radio,0,0,1,2,24,0.292
official.single(all),trig_rect,0,2,10,18,24,3.542
official.single(all),trig_repeating,0,2,5.400,26,24,3.667
official.single(all),trig_switch,0,2,8.400,12,24,2.958
official.single(all),trig_synced,0,3,8.700,21,24,4.542
official.single(all),trig_text,5,23.500,52.300,114,24,29.083
official.single(all),trig_timeout_mode,0,4,10.700,18,24,5.583
official.single(all),trig_timer,1,10.500,24.700,29,24,13.042
official.single(all),triggers,5,23.500,56.800,114,24,29.417
official.single(all),units,5,74,131.600,177,24,74.875
official.single(all),units_alt_start_markers,0,0,2,5,24,0.542
official.single(all),units_damaged_or_low,0,0,2.700,16,24,1.208
official.single(all),units_kind_air,0,0,2,12,24,1.042
official.single(all),units_kind_armored,0,7,16.500,24,24,7.625
official.single(all),units_kind_car,0,0,3,7,24,1.250
official.single(all),units_kind_men,2,57.500,116.200,149,24,63.042
official.single(all),units_kind_ship,0,0,0,0,24,0
official.single(all),units_kind_static,0,0,0,0,24,0
official.single(all),units_kind_support,0,0,3,7,24,1.083
official.single(all),units_kind_unknown,0,0,0,0,24,0
official.single(all),units_per_group_max,1,8.500,12,12,24,8.292
official.single(all),units_per_group_median,1,2,4.400,6,24,2.104
official.single(all),units_placement_radius,0,0,2,5,24,0.583
official.single(all),units_presence_cond,0,0,0,0,24,0
official.single(all),units_presence_lt1,0,0,8.700,13,24,2.792
official.single(all),waypoints,14,49,123.200,243,24,63.708
official.single(all),wp_and,0,0,7.100,25,24,2.625
official.single(all),wp_cycle,0,3,8.700,22,24,4.333
official.single(all),wp_destroy,0,0,0.700,5,24,0.458
official.single(all),wp_getin,0,2,5.700,11,24,3
official.single(all),wp_getout,0,1.500,4.700,9,24,2
official.single(all),wp_guard,0,0,6.800,10,24,1.917
official.single(all),wp_hold,0,4,14.100,22,24,5.875
official.single(all),wp_join,0,0,1,5,24,0.333
official.single(all),wp_leader,0,0,0,1,24,0.042
official.single(all),wp_leg_m_median,17.712,85.840,350.435,906.846,24,164.283
official.single(all),wp_load,0,0,0,0,24,0
official.single(all),wp_move,9,22,61.100,174,24,35.667
official.single(all),wp_or,0,0,0,1,24,0.042
official.single(all),wp_sad,0,3,15.200,21,24,5.458
official.single(all),wp_scripted,0,0,0,0,24,0
official.single(all),wp_sentry,0,0,0,0,24,0
official.single(all),wp_support,0,0,0.700,4,24,0.333
official.single(all),wp_talk,0,0,0,1,24,0.042
official.single(all),wp_tr_unload,0,0,3.700,13,24,1.292
official.single(all),wp_unload,0,0,1,2,24,0.292
official.single(all),wps_per_group_mean,1.025,2.361,3.476,4.282,24,2.440
official.sptemplates,addons_required,0,0,0,0,5,0
official.sptemplates,any_placement_radius,1,1,1,1,5,1
official.sptemplates,any_presence_condition,0,0,0,0,5,0
official.sptemplates,any_presence_random,1,1,1,1,5,1
official.sptemplates,ao_extent_m,0,0,0,0,5,0
official.sptemplates,briefing_debrief_sections,6,6,6,6,5,6
official.sptemplates,briefing_has_plan,1,1,1,1,5,1
official.sptemplates,briefing_images,0,0,0,0,5,0
official.sptemplates,briefing_languages,5,5,5,5,5,5
official.sptemplates,briefing_marker_links,2,2,2,2,5,2
official.sptemplates,briefing_objectives,1,1,1,1,5,1
official.sptemplates,briefing_side_variants,0,0,0,0,5,0
official.sptemplates,briefing_words_debriefing,24,24,24,24,5,24
official.sptemplates,briefing_words_main,21,21,21,21,5,21
official.sptemplates,briefing_words_notes_plan,26,26,26,26,5,26
official.sptemplates,briefing_words_objectives,8,8,8,8,5,8
official.sptemplates,briefing_words_plan,5,5,5,5,5,5
official.sptemplates,briefing_words_total,58,58,58,58,5,58
official.sptemplates,civ_units,0,0,0,0,5,0
official.sptemplates,desc_cfgidentities_entries,0,0,0,0,5,0
official.sptemplates,desc_cfgmusic_entries,0,0,0,0,5,0
official.sptemplates,desc_cfgradio_entries,0,0,0,0,5,0
official.sptemplates,desc_cfgsounds_entries,0,0,0,0,5,0
official.sptemplates,desc_has_gear_pool,0,0,0,0,5,0
official.sptemplates,desc_has_identities,0,0,0,0,5,0
official.sptemplates,desc_has_params,0,0,0,0,5,0
official.sptemplates,desc_has_respawn,1,1,1,1,5,1
official.sptemplates,desc_magazines_entries,0,0,0,0,5,0
official.sptemplates,desc_rsctitles_entries,0,0,0,0,5,0
official.sptemplates,desc_top_classes,0,0,0,0,5,0
official.sptemplates,desc_top_keys,2,2,2,2,5,2
official.sptemplates,desc_weapons_entries,0,0,0,0,5,0
official.sptemplates,distinct_end_types,1,1,1,1,5,1
official.sptemplates,empty_kind_objects,5,5,5,5,5,5
official.sptemplates,empty_kind_vehicles,0,0,0,0,5,0
official.sptemplates,empty_named,0,0,0,0,5,0
official.sptemplates,empty_vehicles,5,5,5,5,5,5
official.sptemplates,empty_with_init,2,2,2,2,5,2
official.sptemplates,enemy_to_friendly_ratio,6.500,6.500,6.500,6.500,5,6.500
official.sptemplates,enemy_units,39,39,39,39,5,39
official.sptemplates,files,15,15,15,15,5,15
official.sptemplates,folder_kb,76.510,76.521,76.532,76.537,5,76.522
official.sptemplates,friendly_units,6,6,6,6,5,6
official.sptemplates,fx_camera,0,0,0,0,5,0
official.sptemplates,fx_music,0,0,0,0,5,0
official.sptemplates,fx_sound_or_voice,0,0,0,0,5,0
official.sptemplates,fx_title,1,1,1,1,5,1
official.sptemplates,groups,10,10,10,10,5,10
official.sptemplates,groups_over_12,0,0,0,0,5,0
official.sptemplates,has_any_cutscene_section,0,0,0,0,5,0
official.sptemplates,has_briefing,1,1,1,1,5,1
official.sptemplates,has_description_ext,1,1,1,1,5,1
official.sptemplates,has_end_trigger,1,1,1,1,5,1
official.sptemplates,has_intro,0,0,0,0,5,0
official.sptemplates,has_lose_trigger,0,0,0,0,5,0
official.sptemplates,has_outroloose,0,0,0,0,5,0
official.sptemplates,has_outrowin,0,0,0,0,5,0
official.sptemplates,has_overview,1,1,1,1,5,1
official.sptemplates,has_script_exit,0,0,0,0,5,0
official.sptemplates,has_script_init,1,1,1,1,5,1
official.sptemplates,has_script_intro,0,0,0,0,5,0
official.sptemplates,has_script_intro_any,0,0,0,0,5,0
official.sptemplates,has_script_outro,0,0,0,0,5,0
official.sptemplates,has_script_outro2,0,0,0,0,5,0
official.sptemplates,has_script_outro_any,0,0,0,0,5,0
official.sptemplates,has_stringtable,1,1,1,1,5,1
official.sptemplates,image_files,1,1,1,1,5,1
official.sptemplates,is_dawn_dusk_start,0,0,0,0,5,0
official.sptemplates,is_night_start,0,0,0,0,5,0
official.sptemplates,lip_files,0,0,0,0,5,0
official.sptemplates,markers,11,11,11,11,5,11
official.sptemplates,markers_area,1,1,1,1,5,1
official.sptemplates,markers_hidden_empty,0,0,0,0,5,0
official.sptemplates,markers_icon,10,10,10,10,5,10
official.sptemplates,markers_with_text,10,10,10,10,5,10
official.sptemplates,objects_total,107,107,107,107,5,107
official.sptemplates,overview_has_image,1,1,1,1,5,1
official.sptemplates,overview_words,33,33,34.200,35,5,33.400
official.sptemplates,playable_units,6,6,6,6,5,6
official.sptemplates,player_units,1,1,1,1,5,1
official.sptemplates,script_camcreate_calls,0,0,0,0,5,0
official.sptemplates,script_endmission_calls,0,0,0,0,5,0
official.sptemplates,script_files,1,1,1,1,5,1
official.sptemplates,script_lines,1,1,1,1,5,1
official.sptemplates,script_objstatus_calls,0,0,0,0,5,0
official.sptemplates,share_groups_no_wp,0,0,0,0,5,0
official.sptemplates,share_groups_patrol_cycle,0.200,0.200,0.200,0.200,5,0.200
official.sptemplates,share_groups_single_unit,0,0,0,0,5,0
official.sptemplates,share_units_cargo,0.244,0.244,0.244,0.244,5,0.244
official.sptemplates,share_units_fly,0,0,0,0,5,0
official.sptemplates,share_units_init_exec,0,0,0,0,5,0
official.sptemplates,share_units_named,0.200,0.200,0.200,0.200,5,0.200
official.sptemplates,share_units_none_special,0,0,0,0,5,0
official.sptemplates,share_units_with_init,0,0,0,0,5,0
official.sptemplates,share_wp_attached,0.119,0.119,0.119,0.119,5,0.119
official.sptemplates,share_wp_cond,0,0,0,0,5,0
official.sptemplates,share_wp_description,0,0,0,0,5,0
official.sptemplates,share_wp_effects,0,0,0,0,5,0
official.sptemplates,share_wp_onact,0,0,0,0,5,0
official.sptemplates,share_wp_script,0,0,0,0,5,0
official.sptemplates,share_wp_showwp_never,1,1,1,1,5,1
official.sptemplates,share_wp_synced,0.167,0.167,0.167,0.167,5,0.167
official.sptemplates,share_wp_timeout,0.500,0.500,0.500,0.500,5,0.500
official.sptemplates,sides_present,2,2,2,2,5,2
official.sptemplates,sound_files,0,0,0,0,5,0
official.sptemplates,sqm_text_kb,30.725,30.729,30.733,30.734,5,30.729
official.sptemplates,start_fog,0.205,0.205,0.205,0.205,5,0.205
official.sptemplates,start_hour,7,7,7,7,5,7
official.sptemplates,start_overcast,0.587,0.587,0.587,0.587,5,0.587
official.sptemplates,stringtable_en_words,27,27,27,27,5,27
official.sptemplates,stringtable_keys,13,13,13,13,5,13
official.sptemplates,stringtable_languages,6,6,6,6,5,6
official.sptemplates,sync_dangling,1,1,1,1,5,1
official.sptemplates,sync_ids,7,7,7,7,5,7
official.sptemplates,sync_wp_trig,6,6,6,6,5,6
official.sptemplates,sync_wp_wp,0,0,0,0,5,0
official.sptemplates,trig_area,2,2,2,2,5,2
official.sptemplates,trig_area_radius_m_median,325,325,325,325,5,325
official.sptemplates,trig_attached_object,0,0,0,0,5,0
official.sptemplates,trig_cond_true,0,0,0,0,5,0
official.sptemplates,trig_condition_only,2,2,2,2,5,2
official.sptemplates,trig_countdown_mode,1,1,1,1,5,1
official.sptemplates,trig_custom_cond,3,3,3,3,5,3
official.sptemplates,trig_effects,2,2,2,2,5,2
official.sptemplates,trig_end,1,1,1,1,5,1
official.sptemplates,trig_group_attached,0,0,0,0,5,0
official.sptemplates,trig_guarded,0,0,0,0,5,0
official.sptemplates,trig_lose,0,0,0,0,5,0
official.sptemplates,trig_named,0,0,0,0,5,0
official.sptemplates,trig_onact,2,2,2,2,5,2
official.sptemplates,trig_ondeact,0,0,0,0,5,0
official.sptemplates,trig_radio,0,0,0,0,5,0
official.sptemplates,trig_rect,0,0,0,0,5,0
official.sptemplates,trig_repeating,2,2,2,2,5,2
official.sptemplates,trig_switch,1,1,1,1,5,1
official.sptemplates,trig_synced,1,1,1,1,5,1
official.sptemplates,trig_text,4,4,4,4,5,4
official.sptemplates,trig_timeout_mode,2,2,2,2,5,2
official.sptemplates,trig_timer,3,3,3,3,5,3
official.sptemplates,triggers,4,4,4,4,5,4
official.sptemplates,units,45,45,45,45,5,45
official.sptemplates,units_alt_start_markers,0,0,0,0,5,0
official.sptemplates,units_damaged_or_low,0,0,0,0,5,0
official.sptemplates,units_kind_air,0,0,0,0,5,0
official.sptemplates,units_kind_armored,2,2,2,2,5,2
official.sptemplates,units_kind_car,1,1,1,1,5,1
official.sptemplates,units_kind_men,42,42,42,42,5,42
official.sptemplates,units_kind_ship,0,0,0,0,5,0
official.sptemplates,units_kind_static,0,0,0,0,5,0
official.sptemplates,units_kind_support,0,0,0,0,5,0
official.sptemplates,units_kind_unknown,0,0,0,0,5,0
official.sptemplates,units_per_group_max,10,10,10,10,5,10
official.sptemplates,units_per_group_median,3,3,3,3,5,3
official.sptemplates,units_placement_radius,5,5,5,5,5,5
official.sptemplates,units_presence_cond,0,0,0,0,5,0
official.sptemplates,units_presence_lt1,4,4,4,4,5,4
official.sptemplates,waypoints,42,42,42,42,5,42
official.sptemplates,wp_and,0,0,0,0,5,0
official.sptemplates,wp_cycle,2,2,2,2,5,2
official.sptemplates,wp_destroy,0,0,0,0,5,0
official.sptemplates,wp_getin,0,0,0,0,5,0
official.sptemplates,wp_getout,1,1,1,1,5,1
official.sptemplates,wp_guard,2,2,2,2,5,2
official.sptemplates,wp_hold,8,8,8,8,5,8
official.sptemplates,wp_join,0,0,0,0,5,0
official.sptemplates,wp_leader,0,0,0,0,5,0
official.sptemplates,wp_leg_m_median,0,0,0,0,5,0
official.sptemplates,wp_load,0,0,0,0,5,0
official.sptemplates,wp_move,18,18,18,18,5,18
official.sptemplates,wp_or,0,0,0,0,5,0
official.sptemplates,wp_sad,11,11,11,11,5,11
official.sptemplates,wp_scripted,0,0,0,0,5,0
official.sptemplates,wp_sentry,0,0,0,0,5,0
official.sptemplates,wp_support,0,0,0,0,5,0
official.sptemplates,wp_talk,0,0,0,0,5,0
official.sptemplates,wp_tr_unload,0,0,0,0,5,0
official.sptemplates,wp_unload,0,0,0,0,5,0
official.sptemplates,wps_per_group_mean,4.200,4.200,4.200,4.200,5,4.200
official.templates,addons_required,0,0,3,3,31,0.484
official.templates,any_placement_radius,0,1,1,1,31,0.645
official.templates,any_presence_condition,0,0,0,0,31,0
official.templates,any_presence_random,0,0,1,1,31,0.161
official.templates,ao_extent_m,0,0,4058.375,4058.375,31,654.577
official.templates,briefing_debrief_sections,1,6,6,6,31,5.194
official.templates,briefing_has_plan,1,1,1,1,31,1
official.templates,briefing_images,0,0,0,0,31,0
official.templates,briefing_languages,5,5,6,6,31,5.355
official.templates,briefing_marker_links,2,4,14,14,31,5.774
official.templates,briefing_objectives,0,2,4,4,31,1.516
official.templates,briefing_side_variants,0,0,6,6,31,0.968
official.templates,briefing_words_debriefing,3,15,24,33,31,16.065
official.templates,briefing_words_main,21,65,148,148,31,76.129
official.templates,briefing_words_notes_plan,26,96,368,368,31,126.161
official.templates,briefing_words_objectives,0,10,22,22,31,9.968
official.templates,briefing_words_plan,3,21,220,220,31,50.032
official.templates,briefing_words_total,58,131,383,383,31,152.194
official.templates,civ_units,0,0,1,1,31,0.161
official.templates,desc_cfgidentities_entries,0,0,0,0,31,0
official.templates,desc_cfgmusic_entries,0,0,0,0,31,0
official.templates,desc_cfgradio_entries,0,0,6,6,31,0.968
official.templates,desc_cfgsounds_entries,0,2,4,11,31,1.645
official.templates,desc_has_gear_pool,0,0,0,0,31,0
official.templates,desc_has_identities,0,0,0,0,31,0
official.templates,desc_has_params,0,1,1,1,31,0.677
official.templates,desc_has_respawn,0,1,1,1,31,0.839
official.templates,desc_magazines_entries,0,0,0,0,31,0
official.templates,desc_rsctitles_entries,0,0,0,0,31,0
official.templates,desc_top_classes,0,1,4,4,31,1.161
official.templates,desc_top_keys,2,11,12,12,31,8.581
official.templates,desc_weapons_entries,0,0,0,0,31,0
official.templates,distinct_end_types,1,1,1,3,31,1.065
official.templates,empty_kind_objects,5,63,204,204,31,63.774
official.templates,empty_kind_vehicles,0,0,4,4,31,1.129
official.templates,empty_named,0,6,153,153,31,30.581
official.templates,empty_vehicles,5,63,204,204,31,64.903
official.templates,empty_with_init,1,6,21,21,31,7.484
official.templates,enemy_to_friendly_ratio,0,1,11.200,11.200,31,3.371
official.templates,enemy_units,0,5,56,56,31,17.871
official.templates,files,15,21,29,41,31,22.581
official.templates,folder_kb,76.514,220.507,339.338,789.147,31,236.076
official.templates,friendly_units,4,5,8,8,31,5.613
official.templates,fx_camera,0,0,0,0,31,0
official.templates,fx_music,0,0,0,0,31,0
official.templates,fx_sound_or_voice,0,2,4,5,31,1.774
official.templates,fx_title,0,0,1,1,31,0.161
official.templates,groups,2,3,15,15,31,6.871
official.templates,groups_over_12,0,0,0,0,31,0
official.templates,has_any_cutscene_section,0,0,0,0,31,0
official.templates,has_briefing,1,1,1,1,31,1
official.templates,has_description_ext,1,1,1,1,31,1
official.templates,has_end_trigger,1,1,1,1,31,1
official.templates,has_intro,0,0,0,0,31,0
official.templates,has_lose_trigger,0,0,0,0,31,0
official.templates,has_outroloose,0,0,0,0,31,0
official.templates,has_outrowin,0,0,0,0,31,0
official.templates,has_overview,1,1,1,1,31,1
official.templates,has_script_exit,0,0,0,0,31,0
official.templates,has_script_init,0,1,1,1,31,0.710
official.templates,has_script_intro,0,0,0,1,31,0.032
official.templates,has_script_intro_any,0,0,0,1,31,0.032
official.templates,has_script_outro,0,1,1,1,31,0.677
official.templates,has_script_outro2,0,0,0,0,31,0
official.templates,has_script_outro_any,0,1,1,1,31,0.677
official.templates,has_stringtable,1,1,1,1,31,1
official.templates,image_files,1,1,2,2,31,1.161
official.templates,is_dawn_dusk_start,0,0,0,1,31,0.032
official.templates,is_night_start,0,0,0,0,31,0
official.templates,lip_files,0,0,0,0,31,0
official.templates,markers,10,15,71,71,31,28.710
official.templates,markers_area,0,2,17,17,31,4.161
official.templates,markers_hidden_empty,0,0,8,9,31,1.581
official.templates,markers_icon,6,11,54,54,31,24.548
official.templates,markers_with_text,0,9,24,24,31,10.419
official.templates,objects_total,58,163,354,354,31,166.226
official.templates,overview_has_image,1,1,1,1,31,1
official.templates,overview_words,8,18,36,36,31,23.452
official.templates,playable_units,3,8,12,12,31,7.839
official.templates,player_units,0,1,1,1,31,0.839
official.templates,script_camcreate_calls,0,1,1,10,31,0.968
official.templates,script_endmission_calls,0,0,0,0,31,0
official.templates,script_files,1,2,11,16,31,4.903
official.templates,script_lines,1,39,185,844,31,88.226
official.templates,script_objstatus_calls,0,0,0,0,31,0
official.templates,share_groups_no_wp,0,0,0.333,0.333,31,0.075
official.templates,share_groups_patrol_cycle,0.133,0.667,1,1,31,0.595
official.templates,share_groups_single_unit,0,0.333,1,1,31,0.333
official.templates,share_units_cargo,0,0,0.244,0.244,31,0.039
official.templates,share_units_fly,0,0,0,0,31,0
official.templates,share_units_init_exec,0,0,0,0,31,0
official.templates,share_units_named,0.200,1,1,1,31,0.763
official.templates,share_units_none_special,0,0,0.923,0.923,31,0.165
official.templates,share_units_with_init,0,0,0.889,0.889,31,0.189
official.templates,share_wp_attached,0,0,0.119,0.167,31,0.025
official.templates,share_wp_cond,0,0.021,0.200,0.200,31,0.095
official.templates,share_wp_description,0,0,0.042,0.042,31,0.007
official.templates,share_wp_effects,0,0,0,0,31,0
official.templates,share_wp_onact,0,0,0.200,0.200,31,0.091
official.templates,share_wp_script,0,0,0,0,31,0
official.templates,share_wp_showwp_never,1,1,1,1,31,1
official.templates,share_wp_synced,0.083,0.400,0.833,0.833,31,0.395
official.templates,share_wp_timeout,0,0.167,0.500,0.500,31,0.147
official.templates,sides_present,1,2,3,3,31,2
official.templates,sound_files,0,2,6,11,31,2.613
official.templates,sqm_text_kb,19.107,49.485,161.748,161.769,31,59.998
official.templates,start_fog,0,0,0.205,0.205,31,0.033
official.templates,start_hour,6,7,11,11,31,8.258
official.templates,start_overcast,0.206,0.500,0.587,0.587,31,0.467
official.templates,stringtable_en_words,27,115,175,175,31,98.774
official.templates,stringtable_keys,13,32,47,47,31,28.484
official.templates,stringtable_languages,6,6,7,7,31,6.161
official.templates,sync_dangling,0,0,1,1,31,0.161
official.templates,sync_ids,4,7,16,16,31,8.032
official.templates,sync_wp_trig,4,6,16,16,31,7.871
official.templates,sync_wp_wp,0,0,0,0,31,0
official.templates,trig_area,2,4,12,12,31,5.065
official.templates,trig_area_radius_m_median,10,50,350,490,31,147.258
official.templates,trig_attached_object,0,0,0,0,31,0
official.templates,trig_cond_true,0,1,2,3,31,1.065
official.templates,trig_condition_only,2,17,42,42,31,16.355
official.templates,trig_countdown_mode,0,0,2,2,31,0.645
official.templates,trig_custom_cond,3,18,43,43,31,17.516
official.templates,trig_effects,0,2,4,5,31,2.097
official.templates,trig_end,1,1,1,3,31,1.065
official.templates,trig_group_attached,0,0,0,0,31,0
official.templates,trig_guarded,0,0,0,0,31,0
official.templates,trig_lose,0,0,0,0,31,0
official.templates,trig_named,0,2,4,8,31,2.032
official.templates,trig_onact,2,18,43,43,31,18.258
official.templates,trig_ondeact,0,0,10,10,31,1.677
official.templates,trig_radio,0,0,1,1,31,0.355
official.templates,trig_rect,0,0,0,2,31,0.065
official.templates,trig_repeating,2,8,44,44,31,12.677
official.templates,trig_switch,1,4,10,10,31,4.161
official.templates,trig_synced,1,4,10,10,31,3.839
official.templates,trig_text,4,20,54,54,31,21.774
official.templates,trig_timeout_mode,2,3,10,10,31,4.226
official.templates,trig_timer,2,4,10,10,31,4.871
official.templates,triggers,4,20,54,54,31,21.774
official.templates,units,8,11,61,61,31,24
official.templates,units_alt_start_markers,0,0,0,0,31,0
official.templates,units_damaged_or_low,0,0,1,1,31,0.161
official.templates,units_kind_air,0,0,0,0,31,0
official.templates,units_kind_armored,0,0,11,11,31,2.097
official.templates,units_kind_car,0,0,1,1,31,0.161
official.templates,units_kind_men,8,10,48,48,31,21.065
official.templates,units_kind_ship,0,0,0,0,31,0
official.templates,units_kind_static,0,0,0,0,31,0
official.templates,units_kind_support,0,0,2,2,31,0.323
official.templates,units_kind_unknown,0,0,0,0,31,0
official.templates,units_per_group_max,1,5,10,10,31,5.774
official.templates,units_per_group_median,1,4,6,6,31,3.677
official.templates,units_placement_radius,0,0,8,8,31,2.097
official.templates,units_presence_cond,0,0,0,0,31,0
official.templates,units_presence_lt1,0,0,4,4,31,0.645
official.templates,waypoints,10,12,48,48,31,26.839
official.templates,wp_and,0,0,0,0,31,0
official.templates,wp_cycle,2,2,8,8,31,2.968
official.templates,wp_destroy,0,0,0,0,31,0
official.templates,wp_getin,0,0,0,0,31,0
official.templates,wp_getout,0,0,1,1,31,0.161
official.templates,wp_guard,0,0,2,2,31,0.484
official.templates,wp_hold,0,5,16,16,31,6.419
official.templates,wp_join,0,0,0,0,31,0
official.templates,wp_leader,0,0,0,0,31,0
official.templates,wp_leg_m_median,0,0,0,0,31,0
official.templates,wp_load,0,0,0,0,31,0
official.templates,wp_move,4,10,33,33,31,13.903
official.templates,wp_or,0,0,0,0,31,0
official.templates,wp_sad,0,0,11,11,31,2.903
official.templates,wp_scripted,0,0,0,0,31,0
official.templates,wp_sentry,0,0,0,0,31,0
official.templates,wp_support,0,0,0,0,31,0
official.templates,wp_talk,0,0,0,0,31,0
official.templates,wp_tr_unload,0,0,0,0,31,0
official.templates,wp_unload,0,0,0,0,31,0
official.templates,wps_per_group_mean,3.200,4,5,5,31,4.136
remastered.sptemplates,addons_required,0,0,0,0,5,0
remastered.sptemplates,any_placement_radius,1,1,1,1,5,1
remastered.sptemplates,any_presence_condition,0,0,0,0,5,0
remastered.sptemplates,any_presence_random,1,1,1,1,5,1
remastered.sptemplates,ao_extent_m,0,0,0,0,5,0
remastered.sptemplates,briefing_languages,1,1,1,1,5,1
remastered.sptemplates,civ_units,0,0,0,0,5,0
remastered.sptemplates,desc_cfgidentities_entries,0,0,0,0,5,0
remastered.sptemplates,desc_cfgmusic_entries,0,0,0,0,5,0
remastered.sptemplates,desc_cfgradio_entries,0,0,0,0,5,0
remastered.sptemplates,desc_cfgsounds_entries,0,0,0,0,5,0
remastered.sptemplates,desc_has_gear_pool,0,0,0,0,5,0
remastered.sptemplates,desc_has_identities,0,0,0,0,5,0
remastered.sptemplates,desc_has_params,0,0,0,0,5,0
remastered.sptemplates,desc_has_respawn,1,1,1,1,5,1
remastered.sptemplates,desc_magazines_entries,0,0,0,0,5,0
remastered.sptemplates,desc_rsctitles_entries,0,0,0,0,5,0
remastered.sptemplates,desc_top_classes,0,0,0,0,5,0
remastered.sptemplates,desc_top_keys,2,2,2,2,5,2
remastered.sptemplates,desc_weapons_entries,0,0,0,0,5,0
remastered.sptemplates,distinct_end_types,1,1,1,1,5,1
remastered.sptemplates,empty_kind_objects,5,5,5,5,5,5
remastered.sptemplates,empty_kind_vehicles,0,0,0,0,5,0
remastered.sptemplates,empty_named,0,0,0,0,5,0
remastered.sptemplates,empty_vehicles,5,5,5,5,5,5
remastered.sptemplates,empty_with_init,2,2,2,2,5,2
remastered.sptemplates,enemy_to_friendly_ratio,6.500,6.500,6.500,6.500,5,6.500
remastered.sptemplates,enemy_units,39,39,39,39,5,39
remastered.sptemplates,files,7,7,7,7,5,7
remastered.sptemplates,folder_kb,75.614,75.673,75.721,75.746,5,75.677
remastered.sptemplates,friendly_units,6,6,6,6,5,6
remastered.sptemplates,fx_camera,0,0,0,0,5,0
remastered.sptemplates,fx_music,0,0,0,0,5,0
remastered.sptemplates,fx_sound_or_voice,0,0,0,0,5,0
remastered.sptemplates,fx_title,1,1,1,1,5,1
remastered.sptemplates,groups,10,10,10,10,5,10
remastered.sptemplates,groups_over_12,0,0,0,0,5,0
remastered.sptemplates,has_any_cutscene_section,0,0,0,0,5,0
remastered.sptemplates,has_briefing,0,0,0,0,5,0
remastered.sptemplates,has_description_ext,1,1,1,1,5,1
remastered.sptemplates,has_end_trigger,1,1,1,1,5,1
remastered.sptemplates,has_intro,0,0,0,0,5,0
remastered.sptemplates,has_lose_trigger,0,0,0,0,5,0
remastered.sptemplates,has_outroloose,0,0,0,0,5,0
remastered.sptemplates,has_outrowin,0,0,0,0,5,0
remastered.sptemplates,has_overview,0,0,0,0,5,0
remastered.sptemplates,has_script_exit,0,0,0,0,5,0
remastered.sptemplates,has_script_init,1,1,1,1,5,1
remastered.sptemplates,has_script_intro,0,0,0,0,5,0
remastered.sptemplates,has_script_intro_any,0,0,0,0,5,0
remastered.sptemplates,has_script_outro,0,0,0,0,5,0
remastered.sptemplates,has_script_outro2,0,0,0,0,5,0
remastered.sptemplates,has_script_outro_any,0,0,0,0,5,0
remastered.sptemplates,has_stringtable,0,0,0,0,5,0
remastered.sptemplates,image_files,1,1,1,1,5,1
remastered.sptemplates,is_dawn_dusk_start,0,0,0,0,5,0
remastered.sptemplates,is_night_start,0,0,0,0,5,0
remastered.sptemplates,lip_files,0,0,0,0,5,0
remastered.sptemplates,markers,11,11,11,11,5,11
remastered.sptemplates,markers_area,1,1,1,1,5,1
remastered.sptemplates,markers_hidden_empty,0,0,0,0,5,0
remastered.sptemplates,markers_icon,10,10,10,10,5,10
remastered.sptemplates,markers_with_text,10,10,10,10,5,10
remastered.sptemplates,objects_total,107,107,107,107,5,107
remastered.sptemplates,playable_units,6,6,6,6,5,6
remastered.sptemplates,player_units,1,1,1,1,5,1
remastered.sptemplates,script_camcreate_calls,0,0,0,0,5,0
remastered.sptemplates,script_endmission_calls,0,0,0,0,5,0
remastered.sptemplates,script_files,1,1,1,1,5,1
remastered.sptemplates,script_lines,1,1,1,1,5,1
remastered.sptemplates,script_objstatus_calls,0,0,0,0,5,0
remastered.sptemplates,share_groups_no_wp,0,0,0,0,5,0
remastered.sptemplates,share_groups_patrol_cycle,0.200,0.200,0.200,0.200,5,0.200
remastered.sptemplates,share_groups_single_unit,0,0,0,0,5,0
remastered.sptemplates,share_units_cargo,0.244,0.244,0.244,0.244,5,0.244
remastered.sptemplates,share_units_fly,0,0,0,0,5,0
remastered.sptemplates,share_units_init_exec,0,0,0,0,5,0
remastered.sptemplates,share_units_named,0.200,0.200,0.200,0.200,5,0.200
remastered.sptemplates,share_units_none_special,0,0,0,0,5,0
remastered.sptemplates,share_units_with_init,0,0,0,0,5,0
remastered.sptemplates,share_wp_attached,0.119,0.119,0.119,0.119,5,0.119
remastered.sptemplates,share_wp_cond,0,0,0,0,5,0
remastered.sptemplates,share_wp_description,0,0,0,0,5,0
remastered.sptemplates,share_wp_effects,0,0,0,0,5,0
remastered.sptemplates,share_wp_onact,0,0,0,0,5,0
remastered.sptemplates,share_wp_script,0,0,0,0,5,0
remastered.sptemplates,share_wp_showwp_never,1,1,1,1,5,1
remastered.sptemplates,share_wp_synced,0.167,0.167,0.167,0.167,5,0.167
remastered.sptemplates,share_wp_timeout,0.500,0.500,0.500,0.500,5,0.500
remastered.sptemplates,sides_present,2,2,2,2,5,2
remastered.sptemplates,sound_files,0,0,0,0,5,0
remastered.sptemplates,sqm_text_kb,30.752,30.756,30.761,30.762,5,30.756
remastered.sptemplates,start_fog,0.205,0.205,0.205,0.205,5,0.205
remastered.sptemplates,start_hour,7,7,7,7,5,7
remastered.sptemplates,start_overcast,0.587,0.587,0.587,0.587,5,0.587
remastered.sptemplates,sync_dangling,1,1,1,1,5,1
remastered.sptemplates,sync_ids,7,7,7,7,5,7
remastered.sptemplates,sync_wp_trig,6,6,6,6,5,6
remastered.sptemplates,sync_wp_wp,0,0,0,0,5,0
remastered.sptemplates,trig_area,2,2,2,2,5,2
remastered.sptemplates,trig_area_radius_m_median,325,325,325,325,5,325
remastered.sptemplates,trig_attached_object,0,0,0,0,5,0
remastered.sptemplates,trig_cond_true,0,0,0,0,5,0
remastered.sptemplates,trig_condition_only,2,2,2,2,5,2
remastered.sptemplates,trig_countdown_mode,1,1,1,1,5,1
remastered.sptemplates,trig_custom_cond,3,3,3,3,5,3
remastered.sptemplates,trig_effects,2,2,2,2,5,2
remastered.sptemplates,trig_end,1,1,1,1,5,1
remastered.sptemplates,trig_group_attached,0,0,0,0,5,0
remastered.sptemplates,trig_guarded,0,0,0,0,5,0
remastered.sptemplates,trig_lose,0,0,0,0,5,0
remastered.sptemplates,trig_named,0,0,0,0,5,0
remastered.sptemplates,trig_onact,2,2,2,2,5,2
remastered.sptemplates,trig_ondeact,0,0,0,0,5,0
remastered.sptemplates,trig_radio,0,0,0,0,5,0
remastered.sptemplates,trig_rect,0,0,0,0,5,0
remastered.sptemplates,trig_repeating,2,2,2,2,5,2
remastered.sptemplates,trig_switch,1,1,1,1,5,1
remastered.sptemplates,trig_synced,1,1,1,1,5,1
remastered.sptemplates,trig_text,4,4,4,4,5,4
remastered.sptemplates,trig_timeout_mode,2,2,2,2,5,2
remastered.sptemplates,trig_timer,3,3,3,3,5,3
remastered.sptemplates,triggers,4,4,4,4,5,4
remastered.sptemplates,units,45,45,45,45,5,45
remastered.sptemplates,units_alt_start_markers,0,0,0,0,5,0
remastered.sptemplates,units_damaged_or_low,0,0,0,0,5,0
remastered.sptemplates,units_kind_air,0,0,0,0,5,0
remastered.sptemplates,units_kind_armored,2,2,2,2,5,2
remastered.sptemplates,units_kind_car,1,1,1,1,5,1
remastered.sptemplates,units_kind_men,42,42,42,42,5,42
remastered.sptemplates,units_kind_ship,0,0,0,0,5,0
remastered.sptemplates,units_kind_static,0,0,0,0,5,0
remastered.sptemplates,units_kind_support,0,0,0,0,5,0
remastered.sptemplates,units_kind_unknown,0,0,0,0,5,0
remastered.sptemplates,units_per_group_max,10,10,10,10,5,10
remastered.sptemplates,units_per_group_median,3,3,3,3,5,3
remastered.sptemplates,units_placement_radius,5,5,5,5,5,5
remastered.sptemplates,units_presence_cond,0,0,0,0,5,0
remastered.sptemplates,units_presence_lt1,4,4,4,4,5,4
remastered.sptemplates,waypoints,42,42,42,42,5,42
remastered.sptemplates,wp_and,0,0,0,0,5,0
remastered.sptemplates,wp_cycle,2,2,2,2,5,2
remastered.sptemplates,wp_destroy,0,0,0,0,5,0
remastered.sptemplates,wp_getin,0,0,0,0,5,0
remastered.sptemplates,wp_getout,1,1,1,1,5,1
remastered.sptemplates,wp_guard,2,2,2,2,5,2
remastered.sptemplates,wp_hold,8,8,8,8,5,8
remastered.sptemplates,wp_join,0,0,0,0,5,0
remastered.sptemplates,wp_leader,0,0,0,0,5,0
remastered.sptemplates,wp_leg_m_median,0,0,0,0,5,0
remastered.sptemplates,wp_load,0,0,0,0,5,0
remastered.sptemplates,wp_move,18,18,18,18,5,18
remastered.sptemplates,wp_or,0,0,0,0,5,0
remastered.sptemplates,wp_sad,11,11,11,11,5,11
remastered.sptemplates,wp_scripted,0,0,0,0,5,0
remastered.sptemplates,wp_sentry,0,0,0,0,5,0
remastered.sptemplates,wp_support,0,0,0,0,5,0
remastered.sptemplates,wp_talk,0,0,0,0,5,0
remastered.sptemplates,wp_tr_unload,0,0,0,0,5,0
remastered.sptemplates,wp_unload,0,0,0,0,5,0
remastered.sptemplates,wps_per_group_mean,4.200,4.200,4.200,4.200,5,4.200
remastered.templates,addons_required,0,0,3,3,31,0.484
remastered.templates,any_placement_radius,0,1,1,1,31,0.645
remastered.templates,any_presence_condition,0,0,0,0,31,0
remastered.templates,any_presence_random,0,0,1,1,31,0.161
remastered.templates,ao_extent_m,0,0,4058.375,4058.375,31,654.577
remastered.templates,briefing_languages,1,1,1,1,31,1
remastered.templates,civ_units,0,0,1,1,31,0.161
remastered.templates,desc_cfgidentities_entries,0,0,0,0,31,0
remastered.templates,desc_cfgmusic_entries,0,0,0,0,31,0
remastered.templates,desc_cfgradio_entries,0,0,6,6,31,0.968
remastered.templates,desc_cfgsounds_entries,0,2,4,11,31,1.645
remastered.templates,desc_has_gear_pool,0,0,0,0,31,0
remastered.templates,desc_has_identities,0,0,0,0,31,0
remastered.templates,desc_has_params,0,1,1,1,31,0.677
remastered.templates,desc_has_respawn,0,1,1,1,31,0.839
remastered.templates,desc_magazines_entries,0,0,0,0,31,0
remastered.templates,desc_rsctitles_entries,0,0,0,0,31,0
remastered.templates,desc_top_classes,0,1,4,4,31,1.161
remastered.templates,desc_top_keys,2,11,12,12,31,8.581
remastered.templates,desc_weapons_entries,0,0,0,0,31,0
remastered.templates,distinct_end_types,1,1,1,3,31,1.065
remastered.templates,empty_kind_objects,5,63,204,204,31,63.774
remastered.templates,empty_kind_vehicles,0,0,4,4,31,1.129
remastered.templates,empty_named,0,6,153,153,31,30.581
remastered.templates,empty_vehicles,5,63,204,204,31,64.903
remastered.templates,empty_with_init,1,6,21,21,31,7.484
remastered.templates,enemy_to_friendly_ratio,0,1,11.200,11.200,31,3.371
remastered.templates,enemy_units,0,5,56,56,31,17.871
remastered.templates,files,7,13,19,33,31,13.677
remastered.templates,folder_kb,75.622,222.808,339.985,790.729,31,230.826
remastered.templates,friendly_units,4,5,8,8,31,5.613
remastered.templates,fx_camera,0,0,0,0,31,0
remastered.templates,fx_music,0,0,0,0,31,0
remastered.templates,fx_sound_or_voice,0,2,4,5,31,1.774
remastered.templates,fx_title,0,0,1,1,31,0.161
remastered.templates,groups,2,3,15,15,31,6.871
remastered.templates,groups_over_12,0,0,0,0,31,0
remastered.templates,has_any_cutscene_section,0,0,0,0,31,0
remastered.templates,has_briefing,0,0,0,0,31,0
remastered.templates,has_description_ext,1,1,1,1,31,1
remastered.templates,has_end_trigger,1,1,1,1,31,1
remastered.templates,has_intro,0,0,0,0,31,0
remastered.templates,has_lose_trigger,0,0,0,0,31,0
remastered.templates,has_outroloose,0,0,0,0,31,0
remastered.templates,has_outrowin,0,0,0,0,31,0
remastered.templates,has_overview,0,0,0,0,31,0
remastered.templates,has_script_exit,0,0,0,0,31,0
remastered.templates,has_script_init,0,1,1,1,31,0.710
remastered.templates,has_script_intro,0,0,0,1,31,0.032
remastered.templates,has_script_intro_any,0,0,0,1,31,0.032
remastered.templates,has_script_outro,0,1,1,1,31,0.677
remastered.templates,has_script_outro2,0,0,0,0,31,0
remastered.templates,has_script_outro_any,0,1,1,1,31,0.677
remastered.templates,has_stringtable,0,0,0,0,31,0
remastered.templates,image_files,1,1,2,2,31,1.161
remastered.templates,is_dawn_dusk_start,0,0,0,1,31,0.032
remastered.templates,is_night_start,0,0,0,0,31,0
remastered.templates,lip_files,0,0,0,0,31,0
remastered.templates,markers,10,15,71,71,31,28.710
remastered.templates,markers_area,0,2,17,17,31,4.161
remastered.templates,markers_hidden_empty,0,0,8,9,31,1.581
remastered.templates,markers_icon,6,11,54,54,31,24.548
remastered.templates,markers_with_text,0,9,24,24,31,10.419
remastered.templates,objects_total,58,163,354,354,31,166.226
remastered.templates,playable_units,3,8,12,12,31,7.839
remastered.templates,player_units,0,1,1,1,31,0.839
remastered.templates,script_camcreate_calls,0,1,1,10,31,0.968
remastered.templates,script_endmission_calls,0,0,0,0,31,0
remastered.templates,script_files,1,2,11,16,31,4.903
remastered.templates,script_lines,1,39,185,844,31,88.226
remastered.templates,script_objstatus_calls,0,0,0,0,31,0
remastered.templates,share_groups_no_wp,0,0,0.333,0.333,31,0.075
remastered.templates,share_groups_patrol_cycle,0.133,0.667,1,1,31,0.595
remastered.templates,share_groups_single_unit,0,0.333,1,1,31,0.333
remastered.templates,share_units_cargo,0,0,0.244,0.244,31,0.039
remastered.templates,share_units_fly,0,0,0,0,31,0
remastered.templates,share_units_init_exec,0,0,0,0,31,0
remastered.templates,share_units_named,0.200,1,1,1,31,0.763
remastered.templates,share_units_none_special,0,0,0.923,0.923,31,0.165
remastered.templates,share_units_with_init,0,0,0.889,0.889,31,0.189
remastered.templates,share_wp_attached,0,0,0.119,0.167,31,0.025
remastered.templates,share_wp_cond,0,0.021,0.200,0.200,31,0.095
remastered.templates,share_wp_description,0,0,0.042,0.042,31,0.007
remastered.templates,share_wp_effects,0,0,0,0,31,0
remastered.templates,share_wp_onact,0,0,0.200,0.200,31,0.091
remastered.templates,share_wp_script,0,0,0,0,31,0
remastered.templates,share_wp_showwp_never,1,1,1,1,31,1
remastered.templates,share_wp_synced,0.083,0.400,0.833,0.833,31,0.395
remastered.templates,share_wp_timeout,0,0.167,0.500,0.500,31,0.147
remastered.templates,sides_present,1,2,3,3,31,2
remastered.templates,sound_files,0,2,6,11,31,2.613
remastered.templates,sqm_text_kb,19.141,49.515,161.770,161.789,31,59.907
remastered.templates,start_fog,0,0,0.205,0.205,31,0.033
remastered.templates,start_hour,6,7,11,11,31,8.258
remastered.templates,start_overcast,0.206,0.500,0.587,0.587,31,0.467
remastered.templates,sync_dangling,0,0,1,1,31,0.161
remastered.templates,sync_ids,4,7,16,16,31,8.032
remastered.templates,sync_wp_trig,4,6,16,16,31,7.871
remastered.templates,sync_wp_wp,0,0,0,0,31,0
remastered.templates,trig_area,2,4,12,12,31,5.065
remastered.templates,trig_area_radius_m_median,10,50,350,490,31,147.258
remastered.templates,trig_attached_object,0,0,0,0,31,0
remastered.templates,trig_cond_true,0,1,2,3,31,1.065
remastered.templates,trig_condition_only,2,17,42,42,31,16.355
remastered.templates,trig_countdown_mode,0,0,2,2,31,0.645
remastered.templates,trig_custom_cond,3,18,43,43,31,17.516
remastered.templates,trig_effects,0,2,4,5,31,2.097
remastered.templates,trig_end,1,1,1,3,31,1.065
remastered.templates,trig_group_attached,0,0,0,0,31,0
remastered.templates,trig_guarded,0,0,0,0,31,0
remastered.templates,trig_lose,0,0,0,0,31,0
remastered.templates,trig_named,0,2,4,8,31,2.032
remastered.templates,trig_onact,2,18,43,43,31,18.258
remastered.templates,trig_ondeact,0,0,10,10,31,1.677
remastered.templates,trig_radio,0,0,1,1,31,0.355
remastered.templates,trig_rect,0,0,0,2,31,0.065
remastered.templates,trig_repeating,2,8,44,44,31,12.677
remastered.templates,trig_switch,1,4,10,10,31,4.161
remastered.templates,trig_synced,1,4,10,10,31,3.839
remastered.templates,trig_text,4,20,54,54,31,21.774
remastered.templates,trig_timeout_mode,2,3,10,10,31,4.226
remastered.templates,trig_timer,2,4,10,10,31,4.871
remastered.templates,triggers,4,20,54,54,31,21.774
remastered.templates,units,8,11,61,61,31,24
remastered.templates,units_alt_start_markers,0,0,0,0,31,0
remastered.templates,units_damaged_or_low,0,0,1,1,31,0.161
remastered.templates,units_kind_air,0,0,0,0,31,0
remastered.templates,units_kind_armored,0,0,11,11,31,2.097
remastered.templates,units_kind_car,0,0,1,1,31,0.161
remastered.templates,units_kind_men,8,10,48,48,31,21.065
remastered.templates,units_kind_ship,0,0,0,0,31,0
remastered.templates,units_kind_static,0,0,0,0,31,0
remastered.templates,units_kind_support,0,0,2,2,31,0.323
remastered.templates,units_kind_unknown,0,0,0,0,31,0
remastered.templates,units_per_group_max,1,5,10,10,31,5.774
remastered.templates,units_per_group_median,1,4,6,6,31,3.677
remastered.templates,units_placement_radius,0,0,8,8,31,2.097
remastered.templates,units_presence_cond,0,0,0,0,31,0
remastered.templates,units_presence_lt1,0,0,4,4,31,0.645
remastered.templates,waypoints,10,12,48,48,31,26.839
remastered.templates,wp_and,0,0,0,0,31,0
remastered.templates,wp_cycle,2,2,8,8,31,2.968
remastered.templates,wp_destroy,0,0,0,0,31,0
remastered.templates,wp_getin,0,0,0,0,31,0
remastered.templates,wp_getout,0,0,1,1,31,0.161
remastered.templates,wp_guard,0,0,2,2,31,0.484
remastered.templates,wp_hold,0,5,16,16,31,6.419
remastered.templates,wp_join,0,0,0,0,31,0
remastered.templates,wp_leader,0,0,0,0,31,0
remastered.templates,wp_leg_m_median,0,0,0,0,31,0
remastered.templates,wp_load,0,0,0,0,31,0
remastered.templates,wp_move,4,10,33,33,31,13.903
remastered.templates,wp_or,0,0,0,0,31,0
remastered.templates,wp_sad,0,0,11,11,31,2.903
remastered.templates,wp_scripted,0,0,0,0,31,0
remastered.templates,wp_sentry,0,0,0,0,31,0
remastered.templates,wp_support,0,0,0,0,31,0
remastered.templates,wp_talk,0,0,0,0,31,0
remastered.templates,wp_tr_unload,0,0,0,0,31,0
remastered.templates,wp_unload,0,0,0,0,31,0
remastered.templates,wps_per_group_mean,3.200,4,5,5,31,4.136
